<metadata xml:lang="en"><Esri><CreaDate>20221013</CreaDate><CreaTime>16531500</CreaTime><ArcGISFormat>1.0</ArcGISFormat><SyncOnce>FALSE</SyncOnce><DataProperties><lineage><Process ToolSource="c:\users\badkvonarath\appdata\local\programs\arcgis\pro\Resources\ArcToolbox\Toolboxes\Data Management Tools.tbx\UpdateSchema" Date="20220916" Time="121639">UpdateSchema "CIMDATA=&lt;CIMStandardDataConnection xsi:type='typens:CIMStandardDataConnection' xmlns:xsi='http://www.w3.org/2001/XMLSchema-instance' xmlns:xs='http://www.w3.org/2001/XMLSchema' xmlns:typens='http://www.esri.com/schemas/ArcGIS/2.6.0'&gt;&lt;WorkspaceConnectionString&gt;DATABASE=C:\Users\kvonarath\Desktop\StreetLight TAZ-20220915T170635Z-001\09152022\Natalia Comments&lt;/WorkspaceConnectionString&gt;&lt;WorkspaceFactory&gt;Shapefile&lt;/WorkspaceFactory&gt;&lt;Dataset&gt;StreetLight_TAZ_2021_09_22_NB.shp&lt;/Dataset&gt;&lt;DatasetType&gt;esriDTFeatureClass&lt;/DatasetType&gt;&lt;/CIMStandardDataConnection&gt;" &lt;operationSequence&gt;&lt;workflow&gt;&lt;AddField&gt;&lt;field_name&gt;Resolved&lt;/field_name&gt;&lt;field_type&gt;TEXT&lt;/field_type&gt;&lt;field_length&gt;5&lt;/field_length&gt;&lt;field_is_nullable&gt;False&lt;/field_is_nullable&gt;&lt;field_is_required&gt;False&lt;/field_is_required&gt;&lt;/AddField&gt;&lt;/workflow&gt;&lt;/operationSequence&gt;</Process><Process ToolSource="c:\program files\arcgis\pro\Resources\ArcToolbox\toolboxes\Conversion Tools.tbx\FeatureClassToFeatureClass" Date="20220922" Time="122600">FeatureClassToFeatureClass StreetLight_TAZ_2021_09_22_NB "O:\Planning\Streetlight\Streetlight TAZ.gdb" StreetLight_TAZ_Categorization_220920 # "TAZID "TAZID" true true false 10 Long 0 10,First,#,StreetLight_TAZ_2021_09_22_NB,TAZID,-1,-1;SA_TAZID "SA_TAZID" true true false 10 Long 0 10,First,#,StreetLight_TAZ_2021_09_22_NB,SA_TAZID,-1,-1;CO_IDX "CO_IDX" true true false 10 Long 0 10,First,#,StreetLight_TAZ_2021_09_22_NB,CO_IDX,-1,-1;CO_TAZID "CO_TAZID" true true false 10 Long 0 10,First,#,StreetLight_TAZ_2021_09_22_NB,CO_TAZID,-1,-1;SL_SPLIT "SL_SPLIT" true true false 11 Double 0 11,First,#,StreetLight_TAZ_2021_09_22_NB,SL_SPLIT,-1,-1;SL_TAZID "SL_TAZID" true true false 11 Double 2 10,First,#,StreetLight_TAZ_2021_09_22_NB,SL_TAZID,-1,-1;SL_COTAZID "SL_COTAZID" true true false 11 Text 0 0,First,#,StreetLight_TAZ_2021_09_22_NB,SL_COTAZID,0,11;SUBAREAID "SUBAREAID" true true false 10 Long 0 10,First,#,StreetLight_TAZ_2021_09_22_NB,SUBAREAID,-1,-1;ACRES "ACRES" true true false 20 Double 11 19,First,#,StreetLight_TAZ_2021_09_22_NB,ACRES,-1,-1;DEVACRES "DEVACRES" true true false 20 Double 11 19,First,#,StreetLight_TAZ_2021_09_22_NB,DEVACRES,-1,-1;DEVPBLEPCT "DEVPBLEPCT" true true false 11 Double 2 10,First,#,StreetLight_TAZ_2021_09_22_NB,DEVPBLEPCT,-1,-1;X "X" true true false 20 Double 11 19,First,#,StreetLight_TAZ_2021_09_22_NB,X,-1,-1;Y "Y" true true false 20 Double 11 19,First,#,StreetLight_TAZ_2021_09_22_NB,Y,-1,-1;ADJ_XY "ADJ_XY" true true false 10 Long 0 10,First,#,StreetLight_TAZ_2021_09_22_NB,ADJ_XY,-1,-1;CO_FIPS "CO_FIPS" true true false 10 Long 0 10,First,#,StreetLight_TAZ_2021_09_22_NB,CO_FIPS,-1,-1;CO_NAME "CO_NAME" true true false 56 Text 0 0,First,#,StreetLight_TAZ_2021_09_22_NB,CO_NAME,0,56;CITY_NAME "CITY_NAME" true true false 56 Text 0 0,First,#,StreetLight_TAZ_2021_09_22_NB,CITY_NAME,0,56;DISTSUPER "DISTSUPER" true true false 10 Long 0 10,First,#,StreetLight_TAZ_2021_09_22_NB,DISTSUPER,-1,-1;DSUP_NAME "DSUP_NAME" true true false 56 Text 0 0,First,#,StreetLight_TAZ_2021_09_22_NB,DSUP_NAME,0,56;DISTLRG "DISTLRG" true true false 10 Long 0 10,First,#,StreetLight_TAZ_2021_09_22_NB,DISTLRG,-1,-1;DLRG_NAME "DLRG_NAME" true true false 56 Text 0 0,First,#,StreetLight_TAZ_2021_09_22_NB,DLRG_NAME,0,56;DISTMED "DISTMED" true true false 10 Long 0 10,First,#,StreetLight_TAZ_2021_09_22_NB,DISTMED,-1,-1;DMED_NAME "DMED_NAME" true true false 56 Text 0 0,First,#,StreetLight_TAZ_2021_09_22_NB,DMED_NAME,0,56;DISTSML "DISTSML" true true false 10 Long 0 10,First,#,StreetLight_TAZ_2021_09_22_NB,DISTSML,-1,-1;DSML_NAME "DSML_NAME" true true false 56 Text 0 0,First,#,StreetLight_TAZ_2021_09_22_NB,DSML_NAME,0,56;SORT "SORT" true true false 11 Double 0 11,First,#,StreetLight_TAZ_2021_09_22_NB,SORT,-1,-1;TAZID_V21B "TAZID_V21B" true true false 10 Long 0 10,First,#,StreetLight_TAZ_2021_09_22_NB,TAZID_V21B,-1,-1;SATAZ_V21B "SATAZ_V21B" true true false 10 Long 0 10,First,#,StreetLight_TAZ_2021_09_22_NB,SATAZ_V21B,-1,-1;COTAZ_V21B "COTAZ_V21B" true true false 10 Long 0 10,First,#,StreetLight_TAZ_2021_09_22_NB,COTAZ_V21B,-1,-1;SUBID_V21B "SUBID_V21B" true true false 10 Long 0 10,First,#,StreetLight_TAZ_2021_09_22_NB,SUBID_V21B,-1,-1;TAZID_V21A "TAZID_V21A" true true false 10 Long 0 10,First,#,StreetLight_TAZ_2021_09_22_NB,TAZID_V21A,-1,-1;SATAZ_V21A "SATAZ_V21A" true true false 10 Long 0 10,First,#,StreetLight_TAZ_2021_09_22_NB,SATAZ_V21A,-1,-1;COTAZ_V21A "COTAZ_V21A" true true false 10 Long 0 10,First,#,StreetLight_TAZ_2021_09_22_NB,COTAZ_V21A,-1,-1;SUBID_V21A "SUBID_V21A" true true false 10 Long 0 10,First,#,StreetLight_TAZ_2021_09_22_NB,SUBID_V21A,-1,-1;Catigories "Catigories" true true false 20 Text 0 0,First,#,StreetLight_TAZ_2021_09_22_NB,Catigories,0,20;Subcatigor "Subcatigor" true true false 50 Text 0 0,First,#,StreetLight_TAZ_2021_09_22_NB,Subcatigor,0,50;DesName "DesName" true true false 50 Text 0 0,First,#,StreetLight_TAZ_2021_09_22_NB,DesName,0,50;Review "Review" true true false 10 Long 0 10,First,#,StreetLight_TAZ_2021_09_22_NB,Review,-1,-1;Review_Com "Review_Com" true true false 254 Text 0 0,First,#,StreetLight_TAZ_2021_09_22_NB,Review_Com,0,254;Resolved "Resolved" true true false 5 Text 0 0,First,#,StreetLight_TAZ_2021_09_22_NB,Resolved,0,5" #</Process><Process ToolSource="c:\program files\arcgis\pro\Resources\ArcToolbox\toolboxes\Data Management Tools.tbx\Copy" Date="20220926" Time="150516">Copy "O:\Planning\Streetlight\Streetlight TAZ.gdb\StreetLight_TAZ_Categorization_220920 " "O:\Planning\Streetlight\Streetlight TAZ.gdb\StreetLight_TAZ_Categorization_220920_1" FeatureClass #</Process><Process ToolSource="c:\program files\arcgis\pro\Resources\ArcToolbox\toolboxes\Data Management Tools.tbx\Rename" Date="20220926" Time="150602">Rename "O:\Planning\Streetlight\Streetlight TAZ.gdb\StreetLight_TAZ_Categorization_220920_1" "O:\Planning\Streetlight\Streetlight TAZ.gdb\StreetLight_TAZ_Categorization_220926" FeatureClass</Process><Process ToolSource="c:\program files\arcgis\pro\Resources\ArcToolbox\Toolboxes\Data Management Tools.tbx\Copy" Date="20221003" Time="141726">Copy "O:\Planning\Streetlight\Streetlight TAZ.gdb\StreetLight_TAZ_Categorization_220926 " "O:\Planning\Streetlight\Streetlight TAZ.gdb\StreetLight_TAZ_Categorization_220926_1" FeatureClass #</Process><Process ToolSource="c:\program files\arcgis\pro\Resources\ArcToolbox\Toolboxes\Data Management Tools.tbx\Rename" Date="20221003" Time="141958">Rename "O:\Planning\Streetlight\Streetlight TAZ.gdb\StreetLight_TAZ_Categorization_220926_1" "O:\Planning\Streetlight\Streetlight TAZ.gdb\StreetLight_TAZ_Categorization_221003" FeatureClass</Process><Process ToolSource="c:\program files\arcgis\pro\Resources\ArcToolbox\toolboxes\Data Management Tools.tbx\CalculateField" Date="20221004" Time="105722">CalculateField "StreetLight Categorization\StreetLight_TAZ_Categorization_221003" Catigories 'Other' "Python 3" #</Process><Process ToolSource="c:\program files\arcgis\pro\Resources\ArcToolbox\toolboxes\Data Management Tools.tbx\CalculateField" Date="20221004" Time="105747">CalculateField "StreetLight Categorization\StreetLight_TAZ_Categorization_221003" Subcatigor 'TAZ divided by roadway' "Python 3" #</Process><Process ToolSource="c:\program files\arcgis\pro\Resources\ArcToolbox\toolboxes\Data Management Tools.tbx\CalculateField" Date="20221004" Time="105800">CalculateField "StreetLight Categorization\StreetLight_TAZ_Categorization_221003" Review 2 "Python 3" #</Process><Process ToolSource="c:\program files\arcgis\pro\Resources\ArcToolbox\toolboxes\Data Management Tools.tbx\CalculateField" Date="20221004" Time="113838">CalculateField "StreetLight Categorization\StreetLight_TAZ_Categorization_221003" Catigories 'Work/School' "Python 3" #</Process><Process ToolSource="c:\program files\arcgis\pro\Resources\ArcToolbox\toolboxes\Data Management Tools.tbx\CalculateField" Date="20221004" Time="113938">CalculateField "StreetLight Categorization\StreetLight_TAZ_Categorization_221003" Subcatigor 'College Campus Area/Subdivision' "Python 3" #</Process><Process ToolSource="c:\program files\arcgis\pro\Resources\ArcToolbox\toolboxes\Data Management Tools.tbx\CalculateField" Date="20221004" Time="113953">CalculateField "StreetLight Categorization\StreetLight_TAZ_Categorization_221003" DesName 'USU' "Python 3" #</Process><Process ToolSource="c:\program files\arcgis\pro\Resources\ArcToolbox\toolboxes\Data Management Tools.tbx\CalculateField" Date="20221004" Time="114006">CalculateField "StreetLight Categorization\StreetLight_TAZ_Categorization_221003" Review 2 "Python 3" #</Process><Process ToolSource="c:\program files\arcgis\pro\Resources\ArcToolbox\toolboxes\Data Management Tools.tbx\CalculateField" Date="20221004" Time="114406">CalculateField "StreetLight Categorization\StreetLight_TAZ_Categorization_221003" Catigories 'Work/School' "Python 3" #</Process><Process ToolSource="c:\program files\arcgis\pro\Resources\ArcToolbox\toolboxes\Data Management Tools.tbx\CalculateField" Date="20221004" Time="114502">CalculateField "StreetLight Categorization\StreetLight_TAZ_Categorization_221003" Subcatigor 'College Campus Area/Subdivision' "Python 3" #</Process><Process ToolSource="c:\program files\arcgis\pro\Resources\ArcToolbox\toolboxes\Data Management Tools.tbx\CalculateField" Date="20221004" Time="114521">CalculateField "StreetLight Categorization\StreetLight_TAZ_Categorization_221003" DesName 'USU' "Python 3" #</Process><Process ToolSource="c:\program files\arcgis\pro\Resources\ArcToolbox\toolboxes\Data Management Tools.tbx\CalculateField" Date="20221004" Time="121617">CalculateField "StreetLight Categorization\StreetLight_TAZ_Categorization_221003" Catigories 'Work/School' "Python 3" #</Process><Process ToolSource="c:\program files\arcgis\pro\Resources\ArcToolbox\toolboxes\Data Management Tools.tbx\CalculateField" Date="20221004" Time="121701">CalculateField "StreetLight Categorization\StreetLight_TAZ_Categorization_221003" Subcatigor 'College Campus Area/Subdivision' "Python 3" #</Process><Process ToolSource="c:\program files\arcgis\pro\Resources\ArcToolbox\toolboxes\Data Management Tools.tbx\CalculateField" Date="20221004" Time="121728">CalculateField "StreetLight Categorization\StreetLight_TAZ_Categorization_221003" DesName 'USU' "Python 3" #</Process><Process ToolSource="c:\program files\arcgis\pro\Resources\ArcToolbox\toolboxes\Data Management Tools.tbx\Copy" Date="20221004" Time="122007">Copy "O:\Planning\Streetlight\Streetlight TAZ.gdb\StreetLight_TAZ_Categorization_221003 " "O:\Planning\Streetlight\Streetlight TAZ.gdb\StreetLight_TAZ_Categorization_221003_1" FeatureClass #</Process><Process ToolSource="c:\program files\arcgis\pro\Resources\ArcToolbox\toolboxes\Data Management Tools.tbx\Rename" Date="20221004" Time="122051">Rename "O:\Planning\Streetlight\Streetlight TAZ.gdb\StreetLight_TAZ_Categorization_221003_1" "O:\Planning\Streetlight\Streetlight TAZ.gdb\StreetLight_TAZ_Categorization_221004" FeatureClass</Process><Process ToolSource="c:\program files\arcgis\pro\Resources\ArcToolbox\Toolboxes\Data Management Tools.tbx\Copy" Date="20221006" Time="084043">Copy "O:\Planning\Streetlight\Streetlight TAZ.gdb\StreetLight_TAZ_Categorization_221004 " "O:\Planning\Streetlight\Streetlight TAZ.gdb\StreetLight_TAZ_Categorization_221004_1" FeatureClass #</Process><Process ToolSource="c:\program files\arcgis\pro\Resources\ArcToolbox\Toolboxes\Data Management Tools.tbx\Rename" Date="20221006" Time="084144">Rename "O:\Planning\Streetlight\Streetlight TAZ.gdb\StreetLight_TAZ_Categorization_221004_1" "O:\Planning\Streetlight\Streetlight TAZ.gdb\StreetLight_TAZ_Categorization_221006" FeatureClass</Process><Process ToolSource="c:\program files\arcgis\pro\Resources\ArcToolbox\toolboxes\Data Management Tools.tbx\CalculateField" Date="20221006" Time="095211">CalculateField "StreetLight Categorization\StreetLight_TAZ_Categorization_221006" Review 2 "Python 3" #</Process><Process ToolSource="c:\program files\arcgis\pro\Resources\ArcToolbox\toolboxes\Data Management Tools.tbx\CalculateField" Date="20221006" Time="142455">CalculateField "StreetLight Categorization\StreetLight_TAZ_Categorization_221006" Review 2 "Python 3" #</Process><Process ToolSource="c:\program files\arcgis\pro\Resources\ArcToolbox\toolboxes\Data Management Tools.tbx\CalculateField" Date="20221006" Time="142822">CalculateField "StreetLight Categorization\StreetLight_TAZ_Categorization_221006" Review 2 "Python 3" #</Process><Process ToolSource="c:\program files\arcgis\pro\Resources\ArcToolbox\toolboxes\Data Management Tools.tbx\CalculateField" Date="20221006" Time="162441">CalculateField "StreetLight Categorization\StreetLight_TAZ_Categorization_221006" Review 2 "Python 3" #</Process><Process ToolSource="c:\program files\arcgis\pro\Resources\ArcToolbox\Toolboxes\Data Management Tools.tbx\Copy" Date="20221006" Time="170623">Copy "O:\Planning\Streetlight\Streetlight TAZ.gdb\StreetLight_TAZ_Categorization_221006 " "O:\Planning\Streetlight\Streetlight TAZ.gdb\StreetLight_TAZ_Categorization_221006_1" FeatureClass #</Process><Process ToolSource="c:\program files\arcgis\pro\Resources\ArcToolbox\Toolboxes\Data Management Tools.tbx\Rename" Date="20221006" Time="170705">Rename "O:\Planning\Streetlight\Streetlight TAZ.gdb\StreetLight_TAZ_Categorization_221006_1" "O:\Planning\Streetlight\Streetlight TAZ.gdb\StreetLight_TAZ_Categorization_221007" FeatureClass</Process><Process ToolSource="c:\program files\arcgis\pro\Resources\ArcToolbox\toolboxes\Data Management Tools.tbx\UpdateSchema" Date="20221012" Time="091453">UpdateSchema "CIMDATA=&lt;CIMStandardDataConnection xsi:type='typens:CIMStandardDataConnection' xmlns:xsi='http://www.w3.org/2001/XMLSchema-instance' xmlns:xs='http://www.w3.org/2001/XMLSchema' xmlns:typens='http://www.esri.com/schemas/ArcGIS/2.4.0'&gt;&lt;WorkspaceConnectionString&gt;DATABASE=O:\Planning\Streetlight\Streetlight TAZ.gdb&lt;/WorkspaceConnectionString&gt;&lt;WorkspaceFactory&gt;FileGDB&lt;/WorkspaceFactory&gt;&lt;Dataset&gt;StreetLight_TAZ_Categorization_221007&lt;/Dataset&gt;&lt;DatasetType&gt;esriDTFeatureClass&lt;/DatasetType&gt;&lt;/CIMStandardDataConnection&gt;" &lt;operationSequence&gt;&lt;workflow&gt;&lt;AddField&gt;&lt;field_name&gt;Category&lt;/field_name&gt;&lt;field_type&gt;TEXT&lt;/field_type&gt;&lt;field_length&gt;255&lt;/field_length&gt;&lt;field_alias&gt;Category&lt;/field_alias&gt;&lt;field_is_nullable&gt;True&lt;/field_is_nullable&gt;&lt;field_is_required&gt;False&lt;/field_is_required&gt;&lt;/AddField&gt;&lt;/workflow&gt;&lt;workflow&gt;&lt;AddField&gt;&lt;field_name&gt;Subcategory&lt;/field_name&gt;&lt;field_type&gt;TEXT&lt;/field_type&gt;&lt;field_length&gt;255&lt;/field_length&gt;&lt;field_alias&gt;Subcategory&lt;/field_alias&gt;&lt;field_is_nullable&gt;True&lt;/field_is_nullable&gt;&lt;field_is_required&gt;False&lt;/field_is_required&gt;&lt;/AddField&gt;&lt;/workflow&gt;&lt;workflow&gt;&lt;AddField&gt;&lt;field_name&gt;Description&lt;/field_name&gt;&lt;field_type&gt;TEXT&lt;/field_type&gt;&lt;field_length&gt;255&lt;/field_length&gt;&lt;field_alias&gt;Description&lt;/field_alias&gt;&lt;field_is_nullable&gt;True&lt;/field_is_nullable&gt;&lt;field_is_required&gt;False&lt;/field_is_required&gt;&lt;/AddField&gt;&lt;/workflow&gt;&lt;/operationSequence&gt;</Process><Process ToolSource="c:\program files\arcgis\pro\Resources\ArcToolbox\toolboxes\Data Management Tools.tbx\CalculateField" Date="20221012" Time="091536">CalculateField "StreetLight Categorization\StreetLight_TAZ_Categorization_221007" Category !Catigories! "Python 3" #</Process><Process ToolSource="c:\program files\arcgis\pro\Resources\ArcToolbox\toolboxes\Data Management Tools.tbx\CalculateField" Date="20221012" Time="091836">CalculateField "StreetLight Categorization\StreetLight_TAZ_Categorization_221007" Subcategory !Subcatigor! "Python 3" #</Process><Process ToolSource="c:\program files\arcgis\pro\Resources\ArcToolbox\toolboxes\Data Management Tools.tbx\CalculateField" Date="20221012" Time="091908">CalculateField "StreetLight Categorization\StreetLight_TAZ_Categorization_221007" Description !DesName! "Python 3" #</Process><Process ToolSource="c:\program files\arcgis\pro\Resources\ArcToolbox\toolboxes\Data Management Tools.tbx\DeleteField" Date="20221012" Time="092227">DeleteField "StreetLight Categorization\StreetLight_TAZ_Categorization_221007" Catigories</Process><Process ToolSource="c:\program files\arcgis\pro\Resources\ArcToolbox\toolboxes\Data Management Tools.tbx\DeleteField" Date="20221012" Time="092410">DeleteField "StreetLight Categorization\StreetLight_TAZ_Categorization_221007" DesName;Resolved;Review;Review_Com;Subcatigor</Process><Process ToolSource="c:\program files\arcgis\pro\Resources\ArcToolbox\toolboxes\Data Management Tools.tbx\CalculateField" Date="20221012" Time="104022">CalculateField "StreetLight Categorization\StreetLight_TAZ_Categorization_221007" Subcategory 'Other Park/Recreation Area' "Python 3" #</Process><Process ToolSource="c:\program files\arcgis\pro\Resources\ArcToolbox\toolboxes\Data Management Tools.tbx\CalculateField" Date="20221012" Time="104505">CalculateField "StreetLight Categorization\StreetLight_TAZ_Categorization_221007" Subcategory 'Trailhead' "Python 3" #</Process><Process ToolSource="c:\program files\arcgis\pro\Resources\ArcToolbox\Toolboxes\Data Management Tools.tbx\Copy" Date="20221013" Time="165329">Copy "O:\Planning\Streetlight\Streetlight TAZ.gdb\StreetLight_TAZ_Categorization_221007 " "O:\Planning\Streetlight\Streetlight TAZ.gdb\StreetLight_TAZ_Categorization_221007_1" FeatureClass #</Process><Process ToolSource="c:\program files\arcgis\pro\Resources\ArcToolbox\Toolboxes\Data Management Tools.tbx\Rename" Date="20221013" Time="165714">Rename "O:\Planning\Streetlight\Streetlight TAZ.gdb\StreetLight_TAZ_Categorization_221007_1" "O:\Planning\Streetlight\Streetlight TAZ.gdb\StreetLight_TAZ_Categorization_221013" FeatureClass</Process><Process ToolSource="c:\program files\arcgis\pro\Resources\ArcToolbox\toolboxes\Data Management Tools.tbx\CalculateField" Date="20221014" Time="090126">CalculateField "StreetLight Categorization\StreetLight_TAZ_Categorization_221013" Subcategory 'TAZ divided by roadway' "Python 3" #</Process><Process ToolSource="c:\program files\arcgis\pro\Resources\ArcToolbox\toolboxes\Data Management Tools.tbx\CalculateField" Date="20221014" Time="090205">CalculateField "StreetLight Categorization\StreetLight_TAZ_Categorization_221013" Category 'Other' "Python 3" #</Process><Process ToolSource="c:\program files\arcgis\pro\Resources\ArcToolbox\toolboxes\Conversion Tools.tbx\FeatureClassToFeatureClass" Date="20221014" Time="123102">FeatureClassToFeatureClass "StreetLight Categorization\StreetLight_TAZ_Categorization_221013" O:\Planning\Streetlight\Shapefile\221014 StreetLight_TAZ_Categorization_221013.shp # "TAZID "TAZID" true true false 4 Long 0 0,First,#,StreetLight Categorization\StreetLight_TAZ_Categorization_221013,TAZID,-1,-1;SA_TAZID "SA_TAZID" true true false 4 Long 0 0,First,#,StreetLight Categorization\StreetLight_TAZ_Categorization_221013,SA_TAZID,-1,-1;CO_IDX "CO_IDX" true true false 4 Long 0 0,First,#,StreetLight Categorization\StreetLight_TAZ_Categorization_221013,CO_IDX,-1,-1;CO_TAZID "CO_TAZID" true true false 4 Long 0 0,First,#,StreetLight Categorization\StreetLight_TAZ_Categorization_221013,CO_TAZID,-1,-1;SL_SPLIT "SL_SPLIT" true true false 8 Double 0 0,First,#,StreetLight Categorization\StreetLight_TAZ_Categorization_221013,SL_SPLIT,-1,-1;SL_TAZID "SL_TAZID" true true false 8 Double 0 0,First,#,StreetLight Categorization\StreetLight_TAZ_Categorization_221013,SL_TAZID,-1,-1;SL_COTAZID "SL_COTAZID" true true false 11 Text 0 0,First,#,StreetLight Categorization\StreetLight_TAZ_Categorization_221013,SL_COTAZID,0,11;SUBAREAID "SUBAREAID" true true false 4 Long 0 0,First,#,StreetLight Categorization\StreetLight_TAZ_Categorization_221013,SUBAREAID,-1,-1;ACRES "ACRES" true true false 8 Double 0 0,First,#,StreetLight Categorization\StreetLight_TAZ_Categorization_221013,ACRES,-1,-1;DEVACRES "DEVACRES" true true false 8 Double 0 0,First,#,StreetLight Categorization\StreetLight_TAZ_Categorization_221013,DEVACRES,-1,-1;DEVPBLEPCT "DEVPBLEPCT" true true false 8 Double 0 0,First,#,StreetLight Categorization\StreetLight_TAZ_Categorization_221013,DEVPBLEPCT,-1,-1;X "X" true true false 8 Double 0 0,First,#,StreetLight Categorization\StreetLight_TAZ_Categorization_221013,X,-1,-1;Y "Y" true true false 8 Double 0 0,First,#,StreetLight Categorization\StreetLight_TAZ_Categorization_221013,Y,-1,-1;ADJ_XY "ADJ_XY" true true false 4 Long 0 0,First,#,StreetLight Categorization\StreetLight_TAZ_Categorization_221013,ADJ_XY,-1,-1;CO_FIPS "CO_FIPS" true true false 4 Long 0 0,First,#,StreetLight Categorization\StreetLight_TAZ_Categorization_221013,CO_FIPS,-1,-1;CO_NAME "CO_NAME" true true false 56 Text 0 0,First,#,StreetLight Categorization\StreetLight_TAZ_Categorization_221013,CO_NAME,0,56;CITY_NAME "CITY_NAME" true true false 56 Text 0 0,First,#,StreetLight Categorization\StreetLight_TAZ_Categorization_221013,CITY_NAME,0,56;DISTSUPER "DISTSUPER" true true false 4 Long 0 0,First,#,StreetLight Categorization\StreetLight_TAZ_Categorization_221013,DISTSUPER,-1,-1;DSUP_NAME "DSUP_NAME" true true false 56 Text 0 0,First,#,StreetLight Categorization\StreetLight_TAZ_Categorization_221013,DSUP_NAME,0,56;DISTLRG "DISTLRG" true true false 4 Long 0 0,First,#,StreetLight Categorization\StreetLight_TAZ_Categorization_221013,DISTLRG,-1,-1;DLRG_NAME "DLRG_NAME" true true false 56 Text 0 0,First,#,StreetLight Categorization\StreetLight_TAZ_Categorization_221013,DLRG_NAME,0,56;DISTMED "DISTMED" true true false 4 Long 0 0,First,#,StreetLight Categorization\StreetLight_TAZ_Categorization_221013,DISTMED,-1,-1;DMED_NAME "DMED_NAME" true true false 56 Text 0 0,First,#,StreetLight Categorization\StreetLight_TAZ_Categorization_221013,DMED_NAME,0,56;DISTSML "DISTSML" true true false 4 Long 0 0,First,#,StreetLight Categorization\StreetLight_TAZ_Categorization_221013,DISTSML,-1,-1;DSML_NAME "DSML_NAME" true true false 56 Text 0 0,First,#,StreetLight Categorization\StreetLight_TAZ_Categorization_221013,DSML_NAME,0,56;SORT "SORT" true true false 8 Double 0 0,First,#,StreetLight Categorization\StreetLight_TAZ_Categorization_221013,SORT,-1,-1;TAZID_V21B "TAZID_V21B" true true false 4 Long 0 0,First,#,StreetLight Categorization\StreetLight_TAZ_Categorization_221013,TAZID_V21B,-1,-1;SATAZ_V21B "SATAZ_V21B" true true false 4 Long 0 0,First,#,StreetLight Categorization\StreetLight_TAZ_Categorization_221013,SATAZ_V21B,-1,-1;COTAZ_V21B "COTAZ_V21B" true true false 4 Long 0 0,First,#,StreetLight Categorization\StreetLight_TAZ_Categorization_221013,COTAZ_V21B,-1,-1;SUBID_V21B "SUBID_V21B" true true false 4 Long 0 0,First,#,StreetLight Categorization\StreetLight_TAZ_Categorization_221013,SUBID_V21B,-1,-1;TAZID_V21A "TAZID_V21A" true true false 4 Long 0 0,First,#,StreetLight Categorization\StreetLight_TAZ_Categorization_221013,TAZID_V21A,-1,-1;SATAZ_V21A "SATAZ_V21A" true true false 4 Long 0 0,First,#,StreetLight Categorization\StreetLight_TAZ_Categorization_221013,SATAZ_V21A,-1,-1;COTAZ_V21A "COTAZ_V21A" true true false 4 Long 0 0,First,#,StreetLight Categorization\StreetLight_TAZ_Categorization_221013,COTAZ_V21A,-1,-1;SUBID_V21A "SUBID_V21A" true true false 4 Long 0 0,First,#,StreetLight Categorization\StreetLight_TAZ_Categorization_221013,SUBID_V21A,-1,-1;Category "Category" true true false 255 Text 0 0,First,#,StreetLight Categorization\StreetLight_TAZ_Categorization_221013,Category,0,255;Subcategor "Subcategory" true true false 255 Text 0 0,First,#,StreetLight Categorization\StreetLight_TAZ_Categorization_221013,Subcategory,0,255;Descriptio "Description" true true false 255 Text 0 0,First,#,StreetLight Categorization\StreetLight_TAZ_Categorization_221013,Description,0,255;Shape_Leng "Shape_Length" false true true 8 Double 0 0,First,#,StreetLight Categorization\StreetLight_TAZ_Categorization_221013,Shape_Length,-1,-1;Shape_Area "Shape_Area" false true true 8 Double 0 0,First,#,StreetLight Categorization\StreetLight_TAZ_Categorization_221013,Shape_Area,-1,-1" #</Process><Process ToolSource="c:\program files\arcgis\pro\Resources\ArcToolbox\toolboxes\Conversion Tools.tbx\FeatureClassToFeatureClass" Date="20230425" Time="145420">FeatureClassToFeatureClass StreetLight_TAZ_Categorization_221013 C:\Users\nataliabrown\Downloads\StreetLight_TAZ_Categorization_221013 StreetLight_TAZ_RecreationZones.shp # "TAZID "TAZID" true true false 10 Long 0 10,First,#,StreetLight_TAZ_Categorization_221013,TAZID,-1,-1;SA_TAZID "SA_TAZID" true true false 10 Long 0 10,First,#,StreetLight_TAZ_Categorization_221013,SA_TAZID,-1,-1;CO_IDX "CO_IDX" true true false 10 Long 0 10,First,#,StreetLight_TAZ_Categorization_221013,CO_IDX,-1,-1;CO_TAZID "CO_TAZID" true true false 10 Long 0 10,First,#,StreetLight_TAZ_Categorization_221013,CO_TAZID,-1,-1;SL_SPLIT "SL_SPLIT" true true false 19 Double 0 0,First,#,StreetLight_TAZ_Categorization_221013,SL_SPLIT,-1,-1;SL_TAZID "SL_TAZID" true true false 19 Double 0 0,First,#,StreetLight_TAZ_Categorization_221013,SL_TAZID,-1,-1;SL_COTAZID "SL_COTAZID" true true false 11 Text 0 0,First,#,StreetLight_TAZ_Categorization_221013,SL_COTAZID,0,11;SUBAREAID "SUBAREAID" true true false 10 Long 0 10,First,#,StreetLight_TAZ_Categorization_221013,SUBAREAID,-1,-1;ACRES "ACRES" true true false 19 Double 0 0,First,#,StreetLight_TAZ_Categorization_221013,ACRES,-1,-1;DEVACRES "DEVACRES" true true false 19 Double 0 0,First,#,StreetLight_TAZ_Categorization_221013,DEVACRES,-1,-1;DEVPBLEPCT "DEVPBLEPCT" true true false 19 Double 0 0,First,#,StreetLight_TAZ_Categorization_221013,DEVPBLEPCT,-1,-1;X "X" true true false 19 Double 0 0,First,#,StreetLight_TAZ_Categorization_221013,X,-1,-1;Y "Y" true true false 19 Double 0 0,First,#,StreetLight_TAZ_Categorization_221013,Y,-1,-1;ADJ_XY "ADJ_XY" true true false 10 Long 0 10,First,#,StreetLight_TAZ_Categorization_221013,ADJ_XY,-1,-1;CO_FIPS "CO_FIPS" true true false 10 Long 0 10,First,#,StreetLight_TAZ_Categorization_221013,CO_FIPS,-1,-1;CO_NAME "CO_NAME" true true false 56 Text 0 0,First,#,StreetLight_TAZ_Categorization_221013,CO_NAME,0,56;CITY_NAME "CITY_NAME" true true false 56 Text 0 0,First,#,StreetLight_TAZ_Categorization_221013,CITY_NAME,0,56;DISTSUPER "DISTSUPER" true true false 10 Long 0 10,First,#,StreetLight_TAZ_Categorization_221013,DISTSUPER,-1,-1;DSUP_NAME "DSUP_NAME" true true false 56 Text 0 0,First,#,StreetLight_TAZ_Categorization_221013,DSUP_NAME,0,56;DISTLRG "DISTLRG" true true false 10 Long 0 10,First,#,StreetLight_TAZ_Categorization_221013,DISTLRG,-1,-1;DLRG_NAME "DLRG_NAME" true true false 56 Text 0 0,First,#,StreetLight_TAZ_Categorization_221013,DLRG_NAME,0,56;DISTMED "DISTMED" true true false 10 Long 0 10,First,#,StreetLight_TAZ_Categorization_221013,DISTMED,-1,-1;DMED_NAME "DMED_NAME" true true false 56 Text 0 0,First,#,StreetLight_TAZ_Categorization_221013,DMED_NAME,0,56;DISTSML "DISTSML" true true false 10 Long 0 10,First,#,StreetLight_TAZ_Categorization_221013,DISTSML,-1,-1;DSML_NAME "DSML_NAME" true true false 56 Text 0 0,First,#,StreetLight_TAZ_Categorization_221013,DSML_NAME,0,56;SORT "SORT" true true false 19 Double 0 0,First,#,StreetLight_TAZ_Categorization_221013,SORT,-1,-1;TAZID_V21B "TAZID_V21B" true true false 10 Long 0 10,First,#,StreetLight_TAZ_Categorization_221013,TAZID_V21B,-1,-1;SATAZ_V21B "SATAZ_V21B" true true false 10 Long 0 10,First,#,StreetLight_TAZ_Categorization_221013,SATAZ_V21B,-1,-1;COTAZ_V21B "COTAZ_V21B" true true false 10 Long 0 10,First,#,StreetLight_TAZ_Categorization_221013,COTAZ_V21B,-1,-1;SUBID_V21B "SUBID_V21B" true true false 10 Long 0 10,First,#,StreetLight_TAZ_Categorization_221013,SUBID_V21B,-1,-1;TAZID_V21A "TAZID_V21A" true true false 10 Long 0 10,First,#,StreetLight_TAZ_Categorization_221013,TAZID_V21A,-1,-1;SATAZ_V21A "SATAZ_V21A" true true false 10 Long 0 10,First,#,StreetLight_TAZ_Categorization_221013,SATAZ_V21A,-1,-1;COTAZ_V21A "COTAZ_V21A" true true false 10 Long 0 10,First,#,StreetLight_TAZ_Categorization_221013,COTAZ_V21A,-1,-1;SUBID_V21A "SUBID_V21A" true true false 10 Long 0 10,First,#,StreetLight_TAZ_Categorization_221013,SUBID_V21A,-1,-1;Category "Category" true true false 254 Text 0 0,First,#,StreetLight_TAZ_Categorization_221013,Category,0,254;Subcategor "Subcategor" true true false 254 Text 0 0,First,#,StreetLight_TAZ_Categorization_221013,Subcategor,0,254;Descriptio "Descriptio" true true false 254 Text 0 0,First,#,StreetLight_TAZ_Categorization_221013,Descriptio,0,254;Shape_Leng "Shape_Leng" true true false 19 Double 0 0,First,#,StreetLight_TAZ_Categorization_221013,Shape_Leng,-1,-1;Shape_Area "Shape_Area" true true false 19 Double 0 0,First,#,StreetLight_TAZ_Categorization_221013,Shape_Area,-1,-1" #</Process><Process ToolSource="c:\program files\arcgis\pro\Resources\ArcToolbox\toolboxes\Data Management Tools.tbx\DeleteField" Date="20230425" Time="150756">DeleteField StreetLight_TAZ_RecreationZones CO_IDX;COTAZ_V21A;COTAZ_V21B;SA_TAZID;SATAZ_V21A;SATAZ_V21B;SUBID_V21A;SUBID_V21B;TAZID;TAZID_V21A;TAZID_V21B</Process><Process ToolSource="c:\program files\arcgis\pro\Resources\ArcToolbox\toolboxes\Data Management Tools.tbx\CalculateField" Date="20230425" Time="171425">CalculateField StreetLight_TAZ_RecreationZones Category 'Recreation' "Python 3" # Text</Process><Process ToolSource="c:\program files\arcgis\pro\Resources\ArcToolbox\toolboxes\Data Management Tools.tbx\CalculateField" Date="20230425" Time="171439">CalculateField StreetLight_TAZ_RecreationZones Descriptio 'Moab' "Python 3" # Text</Process><Process ToolSource="c:\program files\arcgis\pro\Resources\ArcToolbox\toolboxes\Conversion Tools.tbx\FeatureClassToFeatureClass" Date="20230426" Time="131939">FeatureClassToFeatureClass StreetLight_TAZ_RecreationZones "C:\Users\nataliabrown\Documents\5 - Projects\2022 StreetLight" StreetLight_TAZ_RecreationZones_UDOT.shp # "CO_TAZID "CO_TAZID" true true false 10 Long 0 10,First,#,StreetLight_TAZ_RecreationZones,CO_TAZID,-1,-1;SL_SPLIT "SL_SPLIT" true true false 19 Double 0 0,First,#,StreetLight_TAZ_RecreationZones,SL_SPLIT,-1,-1;SL_TAZID "SL_TAZID" true true false 19 Double 0 0,First,#,StreetLight_TAZ_RecreationZones,SL_TAZID,-1,-1;SL_COTAZID "SL_COTAZID" true true false 11 Text 0 0,First,#,StreetLight_TAZ_RecreationZones,SL_COTAZID,0,11;SUBAREAID "SUBAREAID" true true false 10 Long 0 10,First,#,StreetLight_TAZ_RecreationZones,SUBAREAID,-1,-1;ACRES "ACRES" true true false 19 Double 0 0,First,#,StreetLight_TAZ_RecreationZones,ACRES,-1,-1;DEVACRES "DEVACRES" true true false 19 Double 0 0,First,#,StreetLight_TAZ_RecreationZones,DEVACRES,-1,-1;DEVPBLEPCT "DEVPBLEPCT" true true false 19 Double 0 0,First,#,StreetLight_TAZ_RecreationZones,DEVPBLEPCT,-1,-1;X "X" true true false 19 Double 0 0,First,#,StreetLight_TAZ_RecreationZones,X,-1,-1;Y "Y" true true false 19 Double 0 0,First,#,StreetLight_TAZ_RecreationZones,Y,-1,-1;ADJ_XY "ADJ_XY" true true false 10 Long 0 10,First,#,StreetLight_TAZ_RecreationZones,ADJ_XY,-1,-1;CO_FIPS "CO_FIPS" true true false 10 Long 0 10,First,#,StreetLight_TAZ_RecreationZones,CO_FIPS,-1,-1;CO_NAME "CO_NAME" true true false 56 Text 0 0,First,#,StreetLight_TAZ_RecreationZones,CO_NAME,0,56;CITY_NAME "CITY_NAME" true true false 56 Text 0 0,First,#,StreetLight_TAZ_RecreationZones,CITY_NAME,0,56;DISTSUPER "DISTSUPER" true true false 10 Long 0 10,First,#,StreetLight_TAZ_RecreationZones,DISTSUPER,-1,-1;DSUP_NAME "DSUP_NAME" true true false 56 Text 0 0,First,#,StreetLight_TAZ_RecreationZones,DSUP_NAME,0,56;DISTLRG "DISTLRG" true true false 10 Long 0 10,First,#,StreetLight_TAZ_RecreationZones,DISTLRG,-1,-1;DLRG_NAME "DLRG_NAME" true true false 56 Text 0 0,First,#,StreetLight_TAZ_RecreationZones,DLRG_NAME,0,56;DISTMED "DISTMED" true true false 10 Long 0 10,First,#,StreetLight_TAZ_RecreationZones,DISTMED,-1,-1;DMED_NAME "DMED_NAME" true true false 56 Text 0 0,First,#,StreetLight_TAZ_RecreationZones,DMED_NAME,0,56;DISTSML "DISTSML" true true false 10 Long 0 10,First,#,StreetLight_TAZ_RecreationZones,DISTSML,-1,-1;DSML_NAME "DSML_NAME" true true false 56 Text 0 0,First,#,StreetLight_TAZ_RecreationZones,DSML_NAME,0,56;SORT "SORT" true true false 19 Double 0 0,First,#,StreetLight_TAZ_RecreationZones,SORT,-1,-1;Category "Category" true true false 254 Text 0 0,First,#,StreetLight_TAZ_RecreationZones,Category,0,254;Subcategor "Subcategor" true true false 254 Text 0 0,First,#,StreetLight_TAZ_RecreationZones,Subcategor,0,254;Descriptio "Descriptio" true true false 254 Text 0 0,First,#,StreetLight_TAZ_RecreationZones,Descriptio,0,254;Shape_Leng "Shape_Leng" true true false 19 Double 0 0,First,#,StreetLight_TAZ_RecreationZones,Shape_Leng,-1,-1;Shape_Area "Shape_Area" true true false 19 Double 0 0,First,#,StreetLight_TAZ_RecreationZones,Shape_Area,-1,-1" #</Process></lineage><itemProps><itemName Sync="TRUE">StreetLight_TAZ_RecreationZones_UDOT</itemName><imsContentType Sync="TRUE">002</imsContentType><itemLocation><linkage Sync="TRUE">file://\\SEDOT-L01M-3QQA\C\Users\nataliabrown\Documents\5 - Projects\2022 StreetLight\StreetLight_TAZ_RecreationZones_UDOT.shp</linkage><protocol Sync="TRUE">Local Area Network</protocol></itemLocation><itemSize Sync="TRUE">0.000</itemSize></itemProps><coordRef><type Sync="TRUE">Projected</type><geogcsn Sync="TRUE">GCS_North_American_1983</geogcsn><csUnits Sync="TRUE">Linear Unit: Meter (1.000000)</csUnits><projcsn Sync="TRUE">NAD_1983_UTM_Zone_12N</projcsn><peXml Sync="TRUE">&lt;ProjectedCoordinateSystem xsi:type='typens:ProjectedCoordinateSystem' xmlns:xsi='http://www.w3.org/2001/XMLSchema-instance' xmlns:xs='http://www.w3.org/2001/XMLSchema' xmlns:typens='http://www.esri.com/schemas/ArcGIS/2.6.0'&gt;&lt;WKT&gt;PROJCS[&amp;quot;NAD_1983_UTM_Zone_12N&amp;quot;,GEOGCS[&amp;quot;GCS_North_American_1983&amp;quot;,DATUM[&amp;quot;D_North_American_1983&amp;quot;,SPHEROID[&amp;quot;GRS_1980&amp;quot;,6378137.0,298.257222101]],PRIMEM[&amp;quot;Greenwich&amp;quot;,0.0],UNIT[&amp;quot;Degree&amp;quot;,0.0174532925199433]],PROJECTION[&amp;quot;Transverse_Mercator&amp;quot;],PARAMETER[&amp;quot;False_Easting&amp;quot;,500000.0],PARAMETER[&amp;quot;False_Northing&amp;quot;,0.0],PARAMETER[&amp;quot;Central_Meridian&amp;quot;,-111.0],PARAMETER[&amp;quot;Scale_Factor&amp;quot;,0.9996],PARAMETER[&amp;quot;Latitude_Of_Origin&amp;quot;,0.0],UNIT[&amp;quot;Meter&amp;quot;,1.0],AUTHORITY[&amp;quot;EPSG&amp;quot;,26912]]&lt;/WKT&gt;&lt;XOrigin&gt;-5120900&lt;/XOrigin&gt;&lt;YOrigin&gt;-9998100&lt;/YOrigin&gt;&lt;XYScale&gt;450445547.3910538&lt;/XYScale&gt;&lt;ZOrigin&gt;-100000&lt;/ZOrigin&gt;&lt;ZScale&gt;10000&lt;/ZScale&gt;&lt;MOrigin&gt;-100000&lt;/MOrigin&gt;&lt;MScale&gt;10000&lt;/MScale&gt;&lt;XYTolerance&gt;0.001&lt;/XYTolerance&gt;&lt;ZTolerance&gt;0.001&lt;/ZTolerance&gt;&lt;MTolerance&gt;0.001&lt;/MTolerance&gt;&lt;HighPrecision&gt;true&lt;/HighPrecision&gt;&lt;WKID&gt;26912&lt;/WKID&gt;&lt;LatestWKID&gt;26912&lt;/LatestWKID&gt;&lt;/ProjectedCoordinateSystem&gt;</peXml></coordRef><LayerFile>{"type":"CIMLayerDocument","version":"2.6.0","build":24783,"layers":["CIMPATH=map/streetlight_taz_recreationzones_udot.xml"],"layerDefinitions":[{"type":"CIMFeatureLayer","name":"StreetLight_TAZ_RecreationZones_UDOT","uRI":"CIMPATH=map/streetlight_taz_recreationzones_udot.xml","sourceModifiedTime":{"type":"TimeInstant"},"useSourceMetadata":true,"description":"StreetLight_TAZ_RecreationZones_UDOT","layerElevation":{"type":"CIMLayerElevationSurface","mapElevationID":"{22B29594-99AD-45BD-AA63-E9E2DCAFE351}"},"expanded":true,"layerType":"Operational","showLegends":true,"visibility":true,"displayCacheType":"Permanent","maxDisplayCacheAge":5,"showPopups":true,"serviceLayerID":-1,"refreshRate":-1,"refreshRateUnit":"esriTimeUnitsSeconds","autoGenerateFeatureTemplates":true,"featureElevationExpression":"0","featureTable":{"type":"CIMFeatureTable","displayField":"CO_NAME","editable":true,"dataConnection":{"type":"CIMStandardDataConnection","workspaceConnectionString":"DATABASE=..\\..\\..\\..\\..\\nataliabrown\\Documents\\5 - Projects\\2022 StreetLight","workspaceFactory":"Shapefile","dataset":"StreetLight_TAZ_RecreationZones_UDOT","datasetType":"esriDTFeatureClass"},"studyAreaSpatialRel":"esriSpatialRelUndefined","searchOrder":"esriSearchOrderSpatial"},"htmlPopupEnabled":true,"selectable":true,"featureCacheType":"Session","displayFiltersType":"ByScale","labelClasses":[{"type":"CIMLabelClass","expression":"$feature.CO_NAME","expressionEngine":"Arcade","featuresToLabel":"AllVisibleFeatures","maplexLabelPlacementProperties":{"type":"CIMMaplexLabelPlacementProperties","featureType":"Polygon","avoidPolygonHoles":true,"canOverrunFeature":true,"canPlaceLabelOutsidePolygon":true,"canRemoveOverlappingLabel":true,"canStackLabel":true,"connectionType":"Unambiguous","constrainOffset":"NoConstraint","contourAlignmentType":"Page","contourLadderType":"Straight","contourMaximumAngle":90,"enableConnection":true,"featureWeight":0,"fontHeightReductionLimit":4,"fontHeightReductionStep":0.5,"fontWidthReductionLimit":90,"fontWidthReductionStep":5,"graticuleAlignmentType":"Straight","keyNumberGroupName":"Default","labelBuffer":15,"labelLargestPolygon":true,"labelPriority":-1,"labelStackingProperties":{"type":"CIMMaplexLabelStackingProperties","stackAlignment":"ChooseBest","maximumNumberOfLines":3,"minimumNumberOfCharsPerLine":3,"maximumNumberOfCharsPerLine":24,"separators":[{"type":"CIMMaplexStackingSeparator","separator":" ","splitAfter":true},{"type":"CIMMaplexStackingSeparator","separator":",","visible":true,"splitAfter":true}]},"lineFeatureType":"General","linePlacementMethod":"OffsetCurvedFromLine","maximumLabelOverrun":80,"maximumLabelOverrunUnit":"Point","minimumFeatureSizeUnit":"Map","multiPartOption":"OneLabelPerPart","offsetAlongLineProperties":{"type":"CIMMaplexOffsetAlongLineProperties","placementMethod":"BestPositionAlongLine","labelAnchorPoint":"CenterOfLabel","distanceUnit":"Percentage","useLineDirection":true},"pointExternalZonePriorities":{"type":"CIMMaplexExternalZonePriorities","aboveLeft":4,"aboveCenter":2,"aboveRight":1,"centerRight":3,"belowRight":5,"belowCenter":7,"belowLeft":8,"centerLeft":6},"pointPlacementMethod":"AroundPoint","polygonAnchorPointType":"GeometricCenter","polygonBoundaryWeight":0,"polygonExternalZones":{"type":"CIMMaplexExternalZonePriorities","aboveLeft":4,"aboveCenter":2,"aboveRight":1,"centerRight":3,"belowRight":5,"belowCenter":7,"belowLeft":8,"centerLeft":6},"polygonFeatureType":"General","polygonInternalZones":{"type":"CIMMaplexInternalZonePriorities","center":1},"polygonPlacementMethod":"HorizontalInPolygon","primaryOffset":1,"primaryOffsetUnit":"Point","removeExtraWhiteSpace":true,"repetitionIntervalUnit":"Point","rotationProperties":{"type":"CIMMaplexRotationProperties","rotationType":"Arithmetic","alignmentType":"Straight"},"secondaryOffset":100,"strategyPriorities":{"type":"CIMMaplexStrategyPriorities","stacking":1,"overrun":2,"fontCompression":3,"fontReduction":4,"abbreviation":5},"thinningDistanceUnit":"Point","truncationMarkerCharacter":".","truncationMinimumLength":1,"truncationPreferredCharacters":"aeiou","truncationExcludedCharacters":"0123456789"},"name":"Class 1","priority":-1,"standardLabelPlacementProperties":{"type":"CIMStandardLabelPlacementProperties","featureType":"Line","featureWeight":"Low","labelWeight":"High","numLabelsOption":"OneLabelPerName","lineLabelPosition":{"type":"CIMStandardLineLabelPosition","above":true,"inLine":true,"parallel":true},"lineLabelPriorities":{"type":"CIMStandardLineLabelPriorities","aboveStart":3,"aboveAlong":3,"aboveEnd":3,"centerStart":3,"centerAlong":3,"centerEnd":3,"belowStart":3,"belowAlong":3,"belowEnd":3},"pointPlacementMethod":"AroundPoint","pointPlacementPriorities":{"type":"CIMStandardPointPlacementPriorities","aboveLeft":2,"aboveCenter":2,"aboveRight":1,"centerLeft":3,"centerRight":2,"belowLeft":3,"belowCenter":3,"belowRight":2},"rotationType":"Arithmetic","polygonPlacementMethod":"AlwaysHorizontal"},"textSymbol":{"type":"CIMSymbolReference","symbol":{"type":"CIMTextSymbol","blockProgression":"TTB","depth3D":1,"extrapolateBaselines":true,"fontEffects":"Normal","fontEncoding":"Unicode","fontFamilyName":"Tahoma","fontStyleName":"Regular","fontType":"Unspecified","haloSize":1,"height":10,"hinting":"Default","horizontalAlignment":"Left","kerning":true,"letterWidth":100,"ligatures":true,"lineGapType":"ExtraLeading","symbol":{"type":"CIMPolygonSymbol","symbolLayers":[{"type":"CIMSolidFill","enable":true,"color":{"type":"CIMRGBColor","values":[0,0,0,100]}}]},"textCase":"Normal","textDirection":"LTR","verticalAlignment":"Bottom","verticalGlyphOrientation":"Right","wordSpacing":100,"billboardMode3D":"FaceNearPlane"}},"useCodedValue":true,"visibility":true,"iD":-1}],"renderer":{"type":"CIMSimpleRenderer","patch":"Default","symbol":{"type":"CIMSymbolReference","symbol":{"type":"CIMPolygonSymbol","symbolLayers":[{"type":"CIMSolidStroke","enable":true,"capStyle":"Round","joinStyle":"Round","lineStyle3D":"Strip","miterLimit":10,"width":2,"color":{"type":"CIMRGBColor","values":[232,105,36,100]}},{"type":"CIMSolidFill","enable":true,"color":{"type":"CIMRGBColor","values":[130,130,130,0]}}]}}},"scaleSymbols":true,"snappable":true}]}</LayerFile></DataProperties><SyncDate>20230426</SyncDate><SyncTime>13193900</SyncTime><ModDate>20230426</ModDate><ModTime>13193900</ModTime></Esri><dataIdInfo><envirDesc Sync="TRUE">Microsoft Windows 10 Version 10.0 (Build 22621) ; Esri ArcGIS 12.6.0.24783</envirDesc><dataLang><languageCode value="eng" Sync="TRUE"></languageCode><countryCode value="USA" Sync="TRUE"></countryCode></dataLang><idCitation><resTitle Sync="TRUE">StreetLight_TAZ_RecreationZones_UDOT</resTitle><presForm><PresFormCd value="005" Sync="TRUE"></PresFormCd></presForm></idCitation><spatRpType><SpatRepTypCd value="001" Sync="TRUE"></SpatRepTypCd></spatRpType></dataIdInfo><mdLang><languageCode value="eng" Sync="TRUE"></languageCode><countryCode value="USA" Sync="TRUE"></countryCode></mdLang><distInfo><distFormat><formatName Sync="TRUE">Shapefile</formatName></distFormat><distTranOps><transSize Sync="TRUE">0.000</transSize></distTranOps></distInfo><mdHrLv><ScopeCd value="005" Sync="TRUE"></ScopeCd></mdHrLv><mdHrLvName Sync="TRUE">dataset</mdHrLvName><refSysInfo><RefSystem><refSysID><identCode code="26912" Sync="TRUE"></identCode><idCodeSpace Sync="TRUE">EPSG</idCodeSpace><idVersion Sync="TRUE">6.13(3.0.1)</idVersion></refSysID></RefSystem></refSysInfo><spatRepInfo><VectSpatRep><geometObjs Name="StreetLight_TAZ_RecreationZones_UDOT"><geoObjTyp><GeoObjTypCd value="002" Sync="TRUE"></GeoObjTypCd></geoObjTyp><geoObjCnt Sync="TRUE">0</geoObjCnt></geometObjs><topLvl><TopoLevCd value="001" Sync="TRUE"></TopoLevCd></topLvl></VectSpatRep></spatRepInfo><spdoinfo><ptvctinf><esriterm Name="StreetLight_TAZ_RecreationZones_UDOT"><efeatyp Sync="TRUE">Simple</efeatyp><efeageom code="4" Sync="TRUE"></efeageom><esritopo Sync="TRUE">FALSE</esritopo><efeacnt Sync="TRUE">0</efeacnt><spindex Sync="TRUE">FALSE</spindex><linrefer Sync="TRUE">FALSE</linrefer></esriterm></ptvctinf></spdoinfo><eainfo><detailed Name="StreetLight_TAZ_RecreationZones_UDOT"><enttyp><enttypl Sync="TRUE">StreetLight_TAZ_RecreationZones_UDOT</enttypl><enttypt Sync="TRUE">Feature Class</enttypt><enttypc Sync="TRUE">0</enttypc></enttyp><attr><attrlabl Sync="TRUE">FID</attrlabl><attalias Sync="TRUE">FID</attalias><attrtype Sync="TRUE">OID</attrtype><attwidth Sync="TRUE">4</attwidth><atprecis Sync="TRUE">0</atprecis><attscale Sync="TRUE">0</attscale><attrdef Sync="TRUE">Internal feature number.</attrdef><attrdefs Sync="TRUE">Esri</attrdefs><attrdomv><udom Sync="TRUE">Sequential unique whole numbers that are automatically generated.</udom></attrdomv></attr><attr><attrlabl Sync="TRUE">Shape</attrlabl><attalias Sync="TRUE">Shape</attalias><attrtype Sync="TRUE">Geometry</attrtype><attwidth Sync="TRUE">0</attwidth><atprecis Sync="TRUE">0</atprecis><attscale Sync="TRUE">0</attscale><attrdef Sync="TRUE">Feature geometry.</attrdef><attrdefs Sync="TRUE">Esri</attrdefs><attrdomv><udom Sync="TRUE">Coordinates defining the features.</udom></attrdomv></attr><attr><attrlabl Sync="TRUE">CO_TAZID</attrlabl><attalias Sync="TRUE">CO_TAZID</attalias><attrtype Sync="TRUE">Integer</attrtype><attwidth Sync="TRUE">10</attwidth><atprecis Sync="TRUE">10</atprecis><attscale Sync="TRUE">0</attscale></attr><attr><attrlabl Sync="TRUE">SL_SPLIT</attrlabl><attalias Sync="TRUE">SL_SPLIT</attalias><attrtype Sync="TRUE">Double</attrtype><attwidth Sync="TRUE">19</attwidth><atprecis Sync="TRUE">0</atprecis><attscale Sync="TRUE">0</attscale></attr><attr><attrlabl Sync="TRUE">SL_TAZID</attrlabl><attalias Sync="TRUE">SL_TAZID</attalias><attrtype Sync="TRUE">Double</attrtype><attwidth Sync="TRUE">19</attwidth><atprecis Sync="TRUE">0</atprecis><attscale Sync="TRUE">0</attscale></attr><attr><attrlabl Sync="TRUE">SL_COTAZID</attrlabl><attalias Sync="TRUE">SL_COTAZID</attalias><attrtype Sync="TRUE">String</attrtype><attwidth Sync="TRUE">11</attwidth><atprecis Sync="TRUE">0</atprecis><attscale Sync="TRUE">0</attscale></attr><attr><attrlabl Sync="TRUE">SUBAREAID</attrlabl><attalias Sync="TRUE">SUBAREAID</attalias><attrtype Sync="TRUE">Integer</attrtype><attwidth Sync="TRUE">10</attwidth><atprecis Sync="TRUE">10</atprecis><attscale Sync="TRUE">0</attscale></attr><attr><attrlabl Sync="TRUE">ACRES</attrlabl><attalias Sync="TRUE">ACRES</attalias><attrtype Sync="TRUE">Double</attrtype><attwidth Sync="TRUE">19</attwidth><atprecis Sync="TRUE">0</atprecis><attscale Sync="TRUE">0</attscale></attr><attr><attrlabl Sync="TRUE">DEVACRES</attrlabl><attalias Sync="TRUE">DEVACRES</attalias><attrtype Sync="TRUE">Double</attrtype><attwidth Sync="TRUE">19</attwidth><atprecis Sync="TRUE">0</atprecis><attscale Sync="TRUE">0</attscale></attr><attr><attrlabl Sync="TRUE">DEVPBLEPCT</attrlabl><attalias Sync="TRUE">DEVPBLEPCT</attalias><attrtype Sync="TRUE">Double</attrtype><attwidth Sync="TRUE">19</attwidth><atprecis Sync="TRUE">0</atprecis><attscale Sync="TRUE">0</attscale></attr><attr><attrlabl Sync="TRUE">X</attrlabl><attalias Sync="TRUE">X</attalias><attrtype Sync="TRUE">Double</attrtype><attwidth Sync="TRUE">19</attwidth><atprecis Sync="TRUE">0</atprecis><attscale Sync="TRUE">0</attscale></attr><attr><attrlabl Sync="TRUE">Y</attrlabl><attalias Sync="TRUE">Y</attalias><attrtype Sync="TRUE">Double</attrtype><attwidth Sync="TRUE">19</attwidth><atprecis Sync="TRUE">0</atprecis><attscale Sync="TRUE">0</attscale></attr><attr><attrlabl Sync="TRUE">ADJ_XY</attrlabl><attalias Sync="TRUE">ADJ_XY</attalias><attrtype Sync="TRUE">Integer</attrtype><attwidth Sync="TRUE">10</attwidth><atprecis Sync="TRUE">10</atprecis><attscale Sync="TRUE">0</attscale></attr><attr><attrlabl Sync="TRUE">CO_FIPS</attrlabl><attalias Sync="TRUE">CO_FIPS</attalias><attrtype Sync="TRUE">Integer</attrtype><attwidth Sync="TRUE">10</attwidth><atprecis Sync="TRUE">10</atprecis><attscale Sync="TRUE">0</attscale></attr><attr><attrlabl Sync="TRUE">CO_NAME</attrlabl><attalias Sync="TRUE">CO_NAME</attalias><attrtype Sync="TRUE">String</attrtype><attwidth Sync="TRUE">56</attwidth><atprecis Sync="TRUE">0</atprecis><attscale Sync="TRUE">0</attscale></attr><attr><attrlabl Sync="TRUE">CITY_NAME</attrlabl><attalias Sync="TRUE">CITY_NAME</attalias><attrtype Sync="TRUE">String</attrtype><attwidth Sync="TRUE">56</attwidth><atprecis Sync="TRUE">0</atprecis><attscale Sync="TRUE">0</attscale></attr><attr><attrlabl Sync="TRUE">DISTSUPER</attrlabl><attalias Sync="TRUE">DISTSUPER</attalias><attrtype Sync="TRUE">Integer</attrtype><attwidth Sync="TRUE">10</attwidth><atprecis Sync="TRUE">10</atprecis><attscale Sync="TRUE">0</attscale></attr><attr><attrlabl Sync="TRUE">DSUP_NAME</attrlabl><attalias Sync="TRUE">DSUP_NAME</attalias><attrtype Sync="TRUE">String</attrtype><attwidth Sync="TRUE">56</attwidth><atprecis Sync="TRUE">0</atprecis><attscale Sync="TRUE">0</attscale></attr><attr><attrlabl Sync="TRUE">DISTLRG</attrlabl><attalias Sync="TRUE">DISTLRG</attalias><attrtype Sync="TRUE">Integer</attrtype><attwidth Sync="TRUE">10</attwidth><atprecis Sync="TRUE">10</atprecis><attscale Sync="TRUE">0</attscale></attr><attr><attrlabl Sync="TRUE">DLRG_NAME</attrlabl><attalias Sync="TRUE">DLRG_NAME</attalias><attrtype Sync="TRUE">String</attrtype><attwidth Sync="TRUE">56</attwidth><atprecis Sync="TRUE">0</atprecis><attscale Sync="TRUE">0</attscale></attr><attr><attrlabl Sync="TRUE">DISTMED</attrlabl><attalias Sync="TRUE">DISTMED</attalias><attrtype Sync="TRUE">Integer</attrtype><attwidth Sync="TRUE">10</attwidth><atprecis Sync="TRUE">10</atprecis><attscale Sync="TRUE">0</attscale></attr><attr><attrlabl Sync="TRUE">DMED_NAME</attrlabl><attalias Sync="TRUE">DMED_NAME</attalias><attrtype Sync="TRUE">String</attrtype><attwidth Sync="TRUE">56</attwidth><atprecis Sync="TRUE">0</atprecis><attscale Sync="TRUE">0</attscale></attr><attr><attrlabl Sync="TRUE">DISTSML</attrlabl><attalias Sync="TRUE">DISTSML</attalias><attrtype Sync="TRUE">Integer</attrtype><attwidth Sync="TRUE">10</attwidth><atprecis Sync="TRUE">10</atprecis><attscale Sync="TRUE">0</attscale></attr><attr><attrlabl Sync="TRUE">DSML_NAME</attrlabl><attalias Sync="TRUE">DSML_NAME</attalias><attrtype Sync="TRUE">String</attrtype><attwidth Sync="TRUE">56</attwidth><atprecis Sync="TRUE">0</atprecis><attscale Sync="TRUE">0</attscale></attr><attr><attrlabl Sync="TRUE">SORT</attrlabl><attalias Sync="TRUE">SORT</attalias><attrtype Sync="TRUE">Double</attrtype><attwidth Sync="TRUE">19</attwidth><atprecis Sync="TRUE">0</atprecis><attscale Sync="TRUE">0</attscale></attr><attr><attrlabl Sync="TRUE">Category</attrlabl><attalias Sync="TRUE">Category</attalias><attrtype Sync="TRUE">String</attrtype><attwidth Sync="TRUE">254</attwidth><atprecis Sync="TRUE">0</atprecis><attscale Sync="TRUE">0</attscale></attr><attr><attrlabl Sync="TRUE">Subcategor</attrlabl><attalias Sync="TRUE">Subcategor</attalias><attrtype Sync="TRUE">String</attrtype><attwidth Sync="TRUE">254</attwidth><atprecis Sync="TRUE">0</atprecis><attscale Sync="TRUE">0</attscale></attr><attr><attrlabl Sync="TRUE">Descriptio</attrlabl><attalias Sync="TRUE">Descriptio</attalias><attrtype Sync="TRUE">String</attrtype><attwidth Sync="TRUE">254</attwidth><atprecis Sync="TRUE">0</atprecis><attscale Sync="TRUE">0</attscale></attr><attr><attrlabl Sync="TRUE">Shape_Leng</attrlabl><attalias Sync="TRUE">Shape_Leng</attalias><attrtype Sync="TRUE">Double</attrtype><attwidth Sync="TRUE">19</attwidth><atprecis Sync="TRUE">0</atprecis><attscale Sync="TRUE">0</attscale></attr><attr><attrlabl Sync="TRUE">Shape_Area</attrlabl><attalias Sync="TRUE">Shape_Area</attalias><attrtype Sync="TRUE">Double</attrtype><attwidth Sync="TRUE">19</attwidth><atprecis Sync="TRUE">0</atprecis><attscale Sync="TRUE">0</attscale><attrdef Sync="TRUE">Area of feature in internal units squared.</attrdef><attrdefs Sync="TRUE">Esri</attrdefs><attrdomv><udom Sync="TRUE">Positive real numbers that are automatically generated.</udom></attrdomv></attr></detailed></eainfo><mdDateSt Sync="TRUE">20230426</mdDateSt></metadata>
