<metadata xml:lang="en">
	<Esri>
		<CreaDate>20201030</CreaDate>
		<CreaTime>13413400</CreaTime>
		<ArcGISFormat>1.0</ArcGISFormat>
		<SyncOnce>FALSE</SyncOnce>
		<DataProperties>
			<itemProps>
				<itemName Sync="TRUE">StationAreas</itemName>
				<imsContentType Sync="TRUE">002</imsContentType>
				<itemLocation><linkage Sync="TRUE">file://\\L34827\C$\work\gis\Streetlight\StationAreas.shp</linkage><protocol Sync="TRUE">Local Area Network</protocol></itemLocation><itemSize Sync="TRUE">0.000</itemSize></itemProps>
			<coordRef>
				<type Sync="TRUE">Projected</type>
				<geogcsn Sync="TRUE">GCS_North_American_1983</geogcsn>
				<csUnits Sync="TRUE">Linear Unit: Meter (1.000000)</csUnits>
				<projcsn Sync="TRUE">NAD_1983_UTM_Zone_12N</projcsn>
				<peXml Sync="TRUE">&lt;ProjectedCoordinateSystem xsi:type='typens:ProjectedCoordinateSystem' xmlns:xsi='http://www.w3.org/2001/XMLSchema-instance' xmlns:xs='http://www.w3.org/2001/XMLSchema' xmlns:typens='http://www.esri.com/schemas/ArcGIS/2.9.0'&gt;&lt;WKT&gt;PROJCS[&amp;quot;NAD_1983_UTM_Zone_12N&amp;quot;,GEOGCS[&amp;quot;GCS_North_American_1983&amp;quot;,DATUM[&amp;quot;D_North_American_1983&amp;quot;,SPHEROID[&amp;quot;GRS_1980&amp;quot;,6378137.0,298.257222101]],PRIMEM[&amp;quot;Greenwich&amp;quot;,0.0],UNIT[&amp;quot;Degree&amp;quot;,0.0174532925199433]],PROJECTION[&amp;quot;Transverse_Mercator&amp;quot;],PARAMETER[&amp;quot;False_Easting&amp;quot;,500000.0],PARAMETER[&amp;quot;False_Northing&amp;quot;,0.0],PARAMETER[&amp;quot;Central_Meridian&amp;quot;,-111.0],PARAMETER[&amp;quot;Scale_Factor&amp;quot;,0.9996],PARAMETER[&amp;quot;Latitude_Of_Origin&amp;quot;,0.0],UNIT[&amp;quot;Meter&amp;quot;,1.0],AUTHORITY[&amp;quot;EPSG&amp;quot;,26912]]&lt;/WKT&gt;&lt;XOrigin&gt;-5120900&lt;/XOrigin&gt;&lt;YOrigin&gt;-9998100&lt;/YOrigin&gt;&lt;XYScale&gt;450445547.3910538&lt;/XYScale&gt;&lt;ZOrigin&gt;-100000&lt;/ZOrigin&gt;&lt;ZScale&gt;10000&lt;/ZScale&gt;&lt;MOrigin&gt;-100000&lt;/MOrigin&gt;&lt;MScale&gt;10000&lt;/MScale&gt;&lt;XYTolerance&gt;0.001&lt;/XYTolerance&gt;&lt;ZTolerance&gt;0.001&lt;/ZTolerance&gt;&lt;MTolerance&gt;0.001&lt;/MTolerance&gt;&lt;HighPrecision&gt;true&lt;/HighPrecision&gt;&lt;WKID&gt;26912&lt;/WKID&gt;&lt;LatestWKID&gt;26912&lt;/LatestWKID&gt;&lt;/ProjectedCoordinateSystem&gt;</peXml>
			</coordRef>
			<lineage><Process ToolSource="c:\program files\arcgis\pro\Resources\ArcToolbox\toolboxes\Conversion Tools.tbx\FeatureClassToFeatureClass" Date="20230426" Time="133950">FeatureClassToFeatureClass brt2030_MidValleyConnector_all "C:\work\gis\uta\2020 Dec\routes\routes.gdb" stationareamidvalley # "lineid "LINEID" true true false 0 Long 0 0,First,#,brt2030_MidValleyConnector_all,lineid,-1,-1;seqno "SEQNO" true true false 0 Long 0 0,First,#,brt2030_MidValleyConnector_all,seqno,-1,-1;stopnode "STOPNODE" true true false 0 Short 0 0,First,#,brt2030_MidValleyConnector_all,stopnode,-1,-1;nodes "NODES" true true false 0 Long 0 0,First,#,brt2030_MidValleyConnector_all,nodes,-1,-1;rt "RT" true true false 0 Double 0 0,First,#,brt2030_MidValleyConnector_all,rt,-1,-1;access_ "ACCESS_" true true false 0 Double 0 0,First,#,brt2030_MidValleyConnector_all,access_,-1,-1;dwell "DWELL" true true false 0 Double 0 0,First,#,brt2030_MidValleyConnector_all,dwell,-1,-1;nntime "NNTIME" true true false 0 Double 0 0,First,#,brt2030_MidValleyConnector_all,nntime,-1,-1;at_1 "AT_1" true true false 0 Double 0 0,First,#,brt2030_MidValleyConnector_all,at_1,-1,-1;at_2 "AT_2" true true false 0 Double 0 0,First,#,brt2030_MidValleyConnector_all,at_2,-1,-1;at_3 "AT_3" true true false 0 Double 0 0,First,#,brt2030_MidValleyConnector_all,at_3,-1,-1;at_4 "AT_4" true true false 0 Double 0 0,First,#,brt2030_MidValleyConnector_all,at_4,-1,-1;at_5 "AT_5" true true false 0 Double 0 0,First,#,brt2030_MidValleyConnector_all,at_5,-1,-1;at_6 "AT_6" true true false 0 Double 0 0,First,#,brt2030_MidValleyConnector_all,at_6,-1,-1;at_7 "AT_7" true true false 0 Double 0 0,First,#,brt2030_MidValleyConnector_all,at_7,-1,-1;at_8 "AT_8" true true false 0 Double 0 0,First,#,brt2030_MidValleyConnector_all,at_8,-1,-1;at_9 "AT_9" true true false 0 Double 0 0,First,#,brt2030_MidValleyConnector_all,at_9,-1,-1;at_10 "AT_10" true true false 0 Double 0 0,First,#,brt2030_MidValleyConnector_all,at_10,-1,-1;at_11 "AT_11" true true false 0 Double 0 0,First,#,brt2030_MidValleyConnector_all,at_11,-1,-1;at_12 "AT_12" true true false 0 Double 0 0,First,#,brt2030_MidValleyConnector_all,at_12,-1,-1;at_13 "AT_13" true true false 0 Double 0 0,First,#,brt2030_MidValleyConnector_all,at_13,-1,-1;at_14 "AT_14" true true false 0 Double 0 0,First,#,brt2030_MidValleyConnector_all,at_14,-1,-1;arr_1 "ARR_1" true true false 0 Double 0 0,First,#,brt2030_MidValleyConnector_all,arr_1,-1,-1;arr_2 "ARR_2" true true false 0 Double 0 0,First,#,brt2030_MidValleyConnector_all,arr_2,-1,-1;arr_3 "ARR_3" true true false 0 Double 0 0,First,#,brt2030_MidValleyConnector_all,arr_3,-1,-1;arr_4 "ARR_4" true true false 0 Double 0 0,First,#,brt2030_MidValleyConnector_all,arr_4,-1,-1;arr_5 "ARR_5" true true false 0 Double 0 0,First,#,brt2030_MidValleyConnector_all,arr_5,-1,-1;arr_6 "ARR_6" true true false 0 Double 0 0,First,#,brt2030_MidValleyConnector_all,arr_6,-1,-1;arr_7 "ARR_7" true true false 0 Double 0 0,First,#,brt2030_MidValleyConnector_all,arr_7,-1,-1;arr_8 "ARR_8" true true false 0 Double 0 0,First,#,brt2030_MidValleyConnector_all,arr_8,-1,-1;arr_9 "ARR_9" true true false 0 Double 0 0,First,#,brt2030_MidValleyConnector_all,arr_9,-1,-1;arr_10 "ARR_10" true true false 0 Double 0 0,First,#,brt2030_MidValleyConnector_all,arr_10,-1,-1;arr_11 "ARR_11" true true false 0 Double 0 0,First,#,brt2030_MidValleyConnector_all,arr_11,-1,-1;arr_12 "ARR_12" true true false 0 Double 0 0,First,#,brt2030_MidValleyConnector_all,arr_12,-1,-1;arr_13 "ARR_13" true true false 0 Double 0 0,First,#,brt2030_MidValleyConnector_all,arr_13,-1,-1;arr_14 "ARR_14" true true false 0 Double 0 0,First,#,brt2030_MidValleyConnector_all,arr_14,-1,-1;dep_1 "DEP_1" true true false 0 Double 0 0,First,#,brt2030_MidValleyConnector_all,dep_1,-1,-1;dep_2 "DEP_2" true true false 0 Double 0 0,First,#,brt2030_MidValleyConnector_all,dep_2,-1,-1;dep_3 "DEP_3" true true false 0 Double 0 0,First,#,brt2030_MidValleyConnector_all,dep_3,-1,-1;dep_4 "DEP_4" true true false 0 Double 0 0,First,#,brt2030_MidValleyConnector_all,dep_4,-1,-1;dep_5 "DEP_5" true true false 0 Double 0 0,First,#,brt2030_MidValleyConnector_all,dep_5,-1,-1;dep_6 "DEP_6" true true false 0 Double 0 0,First,#,brt2030_MidValleyConnector_all,dep_6,-1,-1;dep_7 "DEP_7" true true false 0 Double 0 0,First,#,brt2030_MidValleyConnector_all,dep_7,-1,-1;dep_8 "DEP_8" true true false 0 Double 0 0,First,#,brt2030_MidValleyConnector_all,dep_8,-1,-1;dep_9 "DEP_9" true true false 0 Double 0 0,First,#,brt2030_MidValleyConnector_all,dep_9,-1,-1;dep_10 "DEP_10" true true false 0 Double 0 0,First,#,brt2030_MidValleyConnector_all,dep_10,-1,-1;dep_11 "DEP_11" true true false 0 Double 0 0,First,#,brt2030_MidValleyConnector_all,dep_11,-1,-1;dep_12 "DEP_12" true true false 0 Double 0 0,First,#,brt2030_MidValleyConnector_all,dep_12,-1,-1;dep_13 "DEP_13" true true false 0 Double 0 0,First,#,brt2030_MidValleyConnector_all,dep_13,-1,-1;dep_14 "DEP_14" true true false 0 Double 0 0,First,#,brt2030_MidValleyConnector_all,dep_14,-1,-1" #</Process><Process ToolSource="c:\program files\arcgis\pro\Resources\ArcToolbox\toolboxes\Data Management Tools.tbx\DeleteField" Date="20230426" Time="135100">DeleteField stationareamidvalley lineid "Delete Fields"</Process><Process ToolSource="c:\program files\arcgis\pro\Resources\ArcToolbox\toolboxes\Data Management Tools.tbx\DeleteField" Date="20230426" Time="135107">DeleteField stationareamidvalley seqno "Delete Fields"</Process><Process ToolSource="c:\program files\arcgis\pro\Resources\ArcToolbox\toolboxes\Data Management Tools.tbx\DeleteField" Date="20230426" Time="135113">DeleteField stationareamidvalley stopnode "Delete Fields"</Process><Process ToolSource="c:\program files\arcgis\pro\Resources\ArcToolbox\toolboxes\Data Management Tools.tbx\DeleteField" Date="20230426" Time="135119">DeleteField stationareamidvalley nodes "Delete Fields"</Process><Process ToolSource="c:\program files\arcgis\pro\Resources\ArcToolbox\toolboxes\Data Management Tools.tbx\DeleteField" Date="20230426" Time="135128">DeleteField stationareamidvalley rt "Delete Fields"</Process><Process ToolSource="c:\program files\arcgis\pro\Resources\ArcToolbox\toolboxes\Data Management Tools.tbx\DeleteField" Date="20230426" Time="135134">DeleteField stationareamidvalley access_ "Delete Fields"</Process><Process ToolSource="c:\program files\arcgis\pro\Resources\ArcToolbox\toolboxes\Data Management Tools.tbx\DeleteField" Date="20230426" Time="135141">DeleteField stationareamidvalley dwell "Delete Fields"</Process><Process ToolSource="c:\program files\arcgis\pro\Resources\ArcToolbox\toolboxes\Data Management Tools.tbx\DeleteField" Date="20230426" Time="135146">DeleteField stationareamidvalley nntime "Delete Fields"</Process><Process ToolSource="c:\program files\arcgis\pro\Resources\ArcToolbox\toolboxes\Data Management Tools.tbx\DeleteField" Date="20230426" Time="135152">DeleteField stationareamidvalley at_1 "Delete Fields"</Process><Process ToolSource="c:\program files\arcgis\pro\Resources\ArcToolbox\toolboxes\Data Management Tools.tbx\DeleteField" Date="20230426" Time="135158">DeleteField stationareamidvalley at_2 "Delete Fields"</Process><Process ToolSource="c:\program files\arcgis\pro\Resources\ArcToolbox\toolboxes\Data Management Tools.tbx\DeleteField" Date="20230426" Time="135204">DeleteField stationareamidvalley at_3 "Delete Fields"</Process><Process ToolSource="c:\program files\arcgis\pro\Resources\ArcToolbox\toolboxes\Data Management Tools.tbx\DeleteField" Date="20230426" Time="135209">DeleteField stationareamidvalley at_4 "Delete Fields"</Process><Process ToolSource="c:\program files\arcgis\pro\Resources\ArcToolbox\toolboxes\Data Management Tools.tbx\DeleteField" Date="20230426" Time="135214">DeleteField stationareamidvalley at_5 "Delete Fields"</Process><Process ToolSource="c:\program files\arcgis\pro\Resources\ArcToolbox\toolboxes\Data Management Tools.tbx\DeleteField" Date="20230426" Time="135219">DeleteField stationareamidvalley at_6 "Delete Fields"</Process><Process ToolSource="c:\program files\arcgis\pro\Resources\ArcToolbox\toolboxes\Data Management Tools.tbx\DeleteField" Date="20230426" Time="135224">DeleteField stationareamidvalley at_7 "Delete Fields"</Process><Process ToolSource="c:\program files\arcgis\pro\Resources\ArcToolbox\toolboxes\Data Management Tools.tbx\DeleteField" Date="20230426" Time="135229">DeleteField stationareamidvalley at_8 "Delete Fields"</Process><Process ToolSource="c:\program files\arcgis\pro\Resources\ArcToolbox\toolboxes\Data Management Tools.tbx\DeleteField" Date="20230426" Time="135234">DeleteField stationareamidvalley at_9 "Delete Fields"</Process><Process ToolSource="c:\program files\arcgis\pro\Resources\ArcToolbox\toolboxes\Data Management Tools.tbx\DeleteField" Date="20230426" Time="135239">DeleteField stationareamidvalley at_10 "Delete Fields"</Process><Process ToolSource="c:\program files\arcgis\pro\Resources\ArcToolbox\toolboxes\Data Management Tools.tbx\DeleteField" Date="20230426" Time="135243">DeleteField stationareamidvalley at_11 "Delete Fields"</Process><Process ToolSource="c:\program files\arcgis\pro\Resources\ArcToolbox\toolboxes\Data Management Tools.tbx\DeleteField" Date="20230426" Time="135248">DeleteField stationareamidvalley at_12 "Delete Fields"</Process><Process ToolSource="c:\program files\arcgis\pro\Resources\ArcToolbox\toolboxes\Data Management Tools.tbx\DeleteField" Date="20230426" Time="135253">DeleteField stationareamidvalley at_13 "Delete Fields"</Process><Process ToolSource="c:\program files\arcgis\pro\Resources\ArcToolbox\toolboxes\Data Management Tools.tbx\DeleteField" Date="20230426" Time="135259">DeleteField stationareamidvalley at_14 "Delete Fields"</Process><Process ToolSource="c:\program files\arcgis\pro\Resources\ArcToolbox\toolboxes\Data Management Tools.tbx\DeleteField" Date="20230426" Time="135304">DeleteField stationareamidvalley arr_1 "Delete Fields"</Process><Process ToolSource="c:\program files\arcgis\pro\Resources\ArcToolbox\toolboxes\Data Management Tools.tbx\DeleteField" Date="20230426" Time="135308">DeleteField stationareamidvalley arr_2 "Delete Fields"</Process><Process ToolSource="c:\program files\arcgis\pro\Resources\ArcToolbox\toolboxes\Data Management Tools.tbx\DeleteField" Date="20230426" Time="135313">DeleteField stationareamidvalley arr_3 "Delete Fields"</Process><Process ToolSource="c:\program files\arcgis\pro\Resources\ArcToolbox\toolboxes\Data Management Tools.tbx\DeleteField" Date="20230426" Time="135318">DeleteField stationareamidvalley arr_4 "Delete Fields"</Process><Process ToolSource="c:\program files\arcgis\pro\Resources\ArcToolbox\toolboxes\Data Management Tools.tbx\DeleteField" Date="20230426" Time="135324">DeleteField stationareamidvalley arr_5 "Delete Fields"</Process><Process ToolSource="c:\program files\arcgis\pro\Resources\ArcToolbox\toolboxes\Data Management Tools.tbx\DeleteField" Date="20230426" Time="135328">DeleteField stationareamidvalley arr_6 "Delete Fields"</Process><Process ToolSource="c:\program files\arcgis\pro\Resources\ArcToolbox\toolboxes\Data Management Tools.tbx\DeleteField" Date="20230426" Time="135333">DeleteField stationareamidvalley arr_7 "Delete Fields"</Process><Process ToolSource="c:\program files\arcgis\pro\Resources\ArcToolbox\toolboxes\Data Management Tools.tbx\UpdateSchema" Date="20230426" Time="135511">UpdateSchema "CIMDATA=&lt;CIMStandardDataConnection xsi:type='typens:CIMStandardDataConnection' xmlns:xsi='http://www.w3.org/2001/XMLSchema-instance' xmlns:xs='http://www.w3.org/2001/XMLSchema' xmlns:typens='http://www.esri.com/schemas/ArcGIS/2.9.0'&gt;&lt;WorkspaceConnectionString&gt;DATABASE=C:\work\gis\uta\2020 Dec\routes\routes.gdb&lt;/WorkspaceConnectionString&gt;&lt;WorkspaceFactory&gt;FileGDB&lt;/WorkspaceFactory&gt;&lt;Dataset&gt;stationareamidvalley&lt;/Dataset&gt;&lt;DatasetType&gt;esriDTFeatureClass&lt;/DatasetType&gt;&lt;/CIMStandardDataConnection&gt;" &lt;operationSequence&gt;&lt;workflow&gt;&lt;DeleteField&gt;&lt;field_name&gt;arr_8&lt;/field_name&gt;&lt;field_name&gt;arr_9&lt;/field_name&gt;&lt;field_name&gt;arr_10&lt;/field_name&gt;&lt;field_name&gt;arr_11&lt;/field_name&gt;&lt;field_name&gt;arr_12&lt;/field_name&gt;&lt;field_name&gt;arr_13&lt;/field_name&gt;&lt;field_name&gt;arr_14&lt;/field_name&gt;&lt;field_name&gt;dep_1&lt;/field_name&gt;&lt;field_name&gt;dep_2&lt;/field_name&gt;&lt;field_name&gt;dep_3&lt;/field_name&gt;&lt;field_name&gt;dep_4&lt;/field_name&gt;&lt;field_name&gt;dep_5&lt;/field_name&gt;&lt;field_name&gt;dep_6&lt;/field_name&gt;&lt;field_name&gt;dep_7&lt;/field_name&gt;&lt;/DeleteField&gt;&lt;/workflow&gt;&lt;/operationSequence&gt;</Process><Process ToolSource="c:\program files\arcgis\pro\Resources\ArcToolbox\toolboxes\Data Management Tools.tbx\UpdateSchema" Date="20230426" Time="135543">UpdateSchema "CIMDATA=&lt;CIMStandardDataConnection xsi:type='typens:CIMStandardDataConnection' xmlns:xsi='http://www.w3.org/2001/XMLSchema-instance' xmlns:xs='http://www.w3.org/2001/XMLSchema' xmlns:typens='http://www.esri.com/schemas/ArcGIS/2.9.0'&gt;&lt;WorkspaceConnectionString&gt;DATABASE=C:\work\gis\uta\2020 Dec\routes\routes.gdb&lt;/WorkspaceConnectionString&gt;&lt;WorkspaceFactory&gt;FileGDB&lt;/WorkspaceFactory&gt;&lt;Dataset&gt;stationareamidvalley&lt;/Dataset&gt;&lt;DatasetType&gt;esriDTFeatureClass&lt;/DatasetType&gt;&lt;/CIMStandardDataConnection&gt;" &lt;operationSequence&gt;&lt;workflow&gt;&lt;DeleteField&gt;&lt;field_name&gt;dep_8&lt;/field_name&gt;&lt;field_name&gt;dep_9&lt;/field_name&gt;&lt;field_name&gt;dep_10&lt;/field_name&gt;&lt;field_name&gt;dep_11&lt;/field_name&gt;&lt;field_name&gt;dep_12&lt;/field_name&gt;&lt;field_name&gt;dep_13&lt;/field_name&gt;&lt;field_name&gt;dep_14&lt;/field_name&gt;&lt;/DeleteField&gt;&lt;/workflow&gt;&lt;/operationSequence&gt;</Process><Process ToolSource="c:\program files\arcgis\pro\Resources\ArcToolbox\toolboxes\Data Management Tools.tbx\UpdateSchema" Date="20230426" Time="135618">UpdateSchema "CIMDATA=&lt;CIMStandardDataConnection xsi:type='typens:CIMStandardDataConnection' xmlns:xsi='http://www.w3.org/2001/XMLSchema-instance' xmlns:xs='http://www.w3.org/2001/XMLSchema' xmlns:typens='http://www.esri.com/schemas/ArcGIS/2.9.0'&gt;&lt;WorkspaceConnectionString&gt;DATABASE=C:\work\gis\uta\2020 Dec\routes\routes.gdb&lt;/WorkspaceConnectionString&gt;&lt;WorkspaceFactory&gt;FileGDB&lt;/WorkspaceFactory&gt;&lt;Dataset&gt;stationareamidvalley&lt;/Dataset&gt;&lt;DatasetType&gt;esriDTFeatureClass&lt;/DatasetType&gt;&lt;/CIMStandardDataConnection&gt;" &lt;operationSequence&gt;&lt;workflow&gt;&lt;AddField&gt;&lt;field_name&gt;StopName&lt;/field_name&gt;&lt;field_type&gt;TEXT&lt;/field_type&gt;&lt;field_length&gt;255&lt;/field_length&gt;&lt;field_alias&gt;StopName&lt;/field_alias&gt;&lt;field_is_nullable&gt;True&lt;/field_is_nullable&gt;&lt;field_is_required&gt;False&lt;/field_is_required&gt;&lt;/AddField&gt;&lt;/workflow&gt;&lt;workflow&gt;&lt;AddField&gt;&lt;field_name&gt;Mode&lt;/field_name&gt;&lt;field_type&gt;TEXT&lt;/field_type&gt;&lt;field_length&gt;3&lt;/field_length&gt;&lt;field_alias&gt;Mode&lt;/field_alias&gt;&lt;field_is_nullable&gt;True&lt;/field_is_nullable&gt;&lt;field_is_required&gt;False&lt;/field_is_required&gt;&lt;/AddField&gt;&lt;/workflow&gt;&lt;/operationSequence&gt;</Process><Process ToolSource="c:\program files\arcgis\pro\Resources\ArcToolbox\toolboxes\Analysis Tools.tbx\Buffer" Date="20230426" Time="141717">Buffer stationareamidvalley "C:\work\gis\uta\2020 Dec\routes\routes.gdb\stationareamidvalley_Buffer" "0.25 Miles" Full Round "Dissolve features using the listed fields' unique values or combination of values" StopName "Geodesic (shape preserving)"</Process><Process ToolSource="c:\program files\arcgis\pro\Resources\ArcToolbox\toolboxes\Data Management Tools.tbx\Dissolve" Date="20230426" Time="142534">Dissolve stationareamidvalley_Buffer "C:\work\gis\uta\2020 Dec\routes\routes.gdb\stationareamidvalley1Buffer" # # MULTI_PART DISSOLVE_LINES</Process><Process ToolSource="c:\program files\arcgis\pro\Resources\ArcToolbox\toolboxes\Data Management Tools.tbx\UpdateSchema" Date="20230426" Time="142636">UpdateSchema "CIMDATA=&lt;CIMStandardDataConnection xsi:type='typens:CIMStandardDataConnection' xmlns:xsi='http://www.w3.org/2001/XMLSchema-instance' xmlns:xs='http://www.w3.org/2001/XMLSchema' xmlns:typens='http://www.esri.com/schemas/ArcGIS/2.9.0'&gt;&lt;WorkspaceConnectionString&gt;DATABASE=C:\work\gis\uta\2020 Dec\routes\routes.gdb&lt;/WorkspaceConnectionString&gt;&lt;WorkspaceFactory&gt;FileGDB&lt;/WorkspaceFactory&gt;&lt;Dataset&gt;stationareamidvalley1Buffer&lt;/Dataset&gt;&lt;DatasetType&gt;esriDTFeatureClass&lt;/DatasetType&gt;&lt;/CIMStandardDataConnection&gt;" &lt;operationSequence&gt;&lt;workflow&gt;&lt;AddField&gt;&lt;field_name&gt;StopName&lt;/field_name&gt;&lt;field_type&gt;TEXT&lt;/field_type&gt;&lt;field_length&gt;255&lt;/field_length&gt;&lt;field_alias&gt;StopName&lt;/field_alias&gt;&lt;field_is_nullable&gt;True&lt;/field_is_nullable&gt;&lt;field_is_required&gt;False&lt;/field_is_required&gt;&lt;/AddField&gt;&lt;/workflow&gt;&lt;/operationSequence&gt;</Process><Process ToolSource="c:\program files\arcgis\pro\Resources\ArcToolbox\toolboxes\Data Management Tools.tbx\Merge" Date="20230426" Time="151448">Merge stationareamidvalley1Buffer;stationarearail_Buffer;stationareauvx_Buffer;stationareaogx_Buffer C:\work\gis\Streetlight\UTA_Station_Area_Buffers.shp "Shape_Length "Shape_Length" false true true 8 Double 0 0,First,#,stationareamidvalley1Buffer,Shape_Length,-1,-1,stationarearail_Buffer,Shape_Length,-1,-1,stationareauvx_Buffer,Shape_Length,-1,-1,stationareaogx_Buffer,Shape_Length,-1,-1;Shape_Area "Shape_Area" false true true 8 Double 0 0,First,#,stationareamidvalley1Buffer,Shape_Area,-1,-1,stationarearail_Buffer,Shape_Area,-1,-1,stationareauvx_Buffer,Shape_Area,-1,-1,stationareaogx_Buffer,Shape_Area,-1,-1;StopName "StopName" true true false 255 Text 0 0,First,#,stationareamidvalley1Buffer,StopName,0,255,stationarearail_Buffer,StopName,0,255,stationareauvx_Buffer,StopName,0,255,stationareaogx_Buffer,StopName,0,50" NO_SOURCE_INFO</Process><Process ToolSource="c:\program files\arcgis\pro\Resources\ArcToolbox\toolboxes\Conversion Tools.tbx\FeatureClassToFeatureClass" Date="20230428" Time="105131">FeatureClassToFeatureClass UTA_Station_Area_Buffers "C:\work\gis\uta\2020 Dec\routes" UTA_Station_Area_Squares.shp # "Shape_Leng "Shape_Leng" true true false 19 Double 0 0,First,#,UTA_Station_Area_Buffers,Shape_Leng,-1,-1;Shape_Area "Shape_Area" true true false 19 Double 0 0,First,#,UTA_Station_Area_Buffers,Shape_Area,-1,-1;StopName "StopName" true true false 254 Text 0 0,First,#,UTA_Station_Area_Buffers,StopName,0,254" #</Process><Process ToolSource="c:\program files\arcgis\pro\Resources\ArcToolbox\toolboxes\Data Management Tools.tbx\Merge" Date="20230428" Time="122423">Merge UTA_Station_Area_Squares;CBDsUniversities C:\work\gis\Streetlight\StationAreas.shp "Shape_Leng "Shape_Leng" true true false 19 Double 0 0,First,#,UTA_Station_Area_Squares,Shape_Leng,-1,-1,CBDsUniversities,SHAPE_Leng,-1,-1;Shape_Area "Shape_Area" true true false 19 Double 0 0,First,#,UTA_Station_Area_Squares,Shape_Area,-1,-1,CBDsUniversities,SHAPE_Area,-1,-1;StopName "StopName" true true false 254 Text 0 0,First,#,UTA_Station_Area_Squares,StopName,0,254;AreaName "AreaName" true true false 60 Text 0 0,First,#,CBDsUniversities,AreaName,0,60;AreaType "AreaType" true true false 25 Text 0 0,First,#,CBDsUniversities,AreaType,0,25;Area "Area" true true false 50 Text 0 0,First,#,CBDsUniversities,Area,0,50" NO_SOURCE_INFO</Process><Process ToolSource="c:\program files\arcgis\pro\Resources\ArcToolbox\toolboxes\Data Management Tools.tbx\DeleteField" Date="20230428" Time="122604">DeleteField StationAreas AreaName "Delete Fields"</Process><Process ToolSource="c:\program files\arcgis\pro\Resources\ArcToolbox\toolboxes\Data Management Tools.tbx\DeleteField" Date="20230428" Time="122609">DeleteField StationAreas AreaType "Delete Fields"</Process><Process ToolSource="c:\program files\arcgis\pro\Resources\ArcToolbox\toolboxes\Data Management Tools.tbx\DeleteField" Date="20230428" Time="122613">DeleteField StationAreas Area "Delete Fields"</Process></lineage><LayerFile>{"type":"CIMLayerDocument","version":"2.9.0","build":32739,"layers":["CIMPATH=map/stationareamidvalley_buffer.xml"],"layerDefinitions":[{"type":"CIMFeatureLayer","name":"stationareamidvalley_Buffer","uRI":"CIMPATH=map/stationareamidvalley_buffer.xml","sourceModifiedTime":{"type":"TimeInstant"},"useSourceMetadata":true,"description":"stationareamidvalley_Buffer","layerElevation":{"type":"CIMLayerElevationSurface","mapElevationID":"{FEA981F2-8527-4518-88DE-A2A4D492EE0F}"},"expanded":true,"layerType":"Operational","showLegends":true,"visibility":true,"displayCacheType":"Permanent","maxDisplayCacheAge":5,"showPopups":true,"serviceLayerID":-1,"refreshRate":-1,"refreshRateUnit":"esriTimeUnitsSeconds","blendingMode":"Alpha","allowDrapingOnIntegratedMesh":true,"autoGenerateFeatureTemplates":true,"featureElevationExpression":"0","featureTable":{"type":"CIMFeatureTable","displayField":"StopName","editable":true,"dataConnection":{"type":"CIMStandardDataConnection","workspaceConnectionString":"DATABASE=..\\..\\..\\..\\..\\..\\work\\gis\\uta\\2020 Dec\\routes\\routes.gdb","workspaceFactory":"FileGDB","dataset":"stationareamidvalley_Buffer","datasetType":"esriDTFeatureClass"},"studyAreaSpatialRel":"esriSpatialRelUndefined","searchOrder":"esriSearchOrderSpatial"},"htmlPopupEnabled":true,"selectable":true,"featureCacheType":"Session","displayFiltersType":"ByScale","featureBlendingMode":"Alpha","labelClasses":[{"type":"CIMLabelClass","expression":"$feature.OBJECTID","expressionEngine":"Arcade","featuresToLabel":"AllVisibleFeatures","maplexLabelPlacementProperties":{"type":"CIMMaplexLabelPlacementProperties","featureType":"Polygon","avoidPolygonHoles":true,"canOverrunFeature":true,"canPlaceLabelOutsidePolygon":true,"canRemoveOverlappingLabel":true,"canStackLabel":true,"connectionType":"Unambiguous","constrainOffset":"NoConstraint","contourAlignmentType":"Page","contourLadderType":"Straight","contourMaximumAngle":90,"enableConnection":true,"featureWeight":0,"fontHeightReductionLimit":4,"fontHeightReductionStep":0.5,"fontWidthReductionLimit":90,"fontWidthReductionStep":5,"graticuleAlignmentType":"Straight","keyNumberGroupName":"Default","labelBuffer":15,"labelLargestPolygon":false,"labelPriority":-1,"labelStackingProperties":{"type":"CIMMaplexLabelStackingProperties","stackAlignment":"ChooseBest","maximumNumberOfLines":3,"minimumNumberOfCharsPerLine":3,"maximumNumberOfCharsPerLine":24,"separators":[{"type":"CIMMaplexStackingSeparator","separator":" ","splitAfter":true},{"type":"CIMMaplexStackingSeparator","separator":",","visible":true,"splitAfter":true}],"trimStackingSeparators":true},"lineFeatureType":"General","linePlacementMethod":"OffsetCurvedFromLine","maximumLabelOverrun":80,"maximumLabelOverrunUnit":"Point","minimumFeatureSizeUnit":"Map","multiPartOption":"OneLabelPerPart","offsetAlongLineProperties":{"type":"CIMMaplexOffsetAlongLineProperties","placementMethod":"BestPositionAlongLine","labelAnchorPoint":"CenterOfLabel","distanceUnit":"Percentage","useLineDirection":true},"pointExternalZonePriorities":{"type":"CIMMaplexExternalZonePriorities","aboveLeft":4,"aboveCenter":2,"aboveRight":1,"centerRight":3,"belowRight":5,"belowCenter":7,"belowLeft":8,"centerLeft":6},"pointPlacementMethod":"AroundPoint","polygonAnchorPointType":"GeometricCenter","polygonBoundaryWeight":0,"polygonExternalZones":{"type":"CIMMaplexExternalZonePriorities","aboveLeft":4,"aboveCenter":2,"aboveRight":1,"centerRight":3,"belowRight":5,"belowCenter":7,"belowLeft":8,"centerLeft":6},"polygonFeatureType":"General","polygonInternalZones":{"type":"CIMMaplexInternalZonePriorities","center":1},"polygonPlacementMethod":"HorizontalInPolygon","primaryOffset":1,"primaryOffsetUnit":"Point","removeExtraWhiteSpace":true,"repetitionIntervalUnit":"Map","rotationProperties":{"type":"CIMMaplexRotationProperties","rotationType":"Arithmetic","alignmentType":"Straight"},"secondaryOffset":100,"strategyPriorities":{"type":"CIMMaplexStrategyPriorities","stacking":1,"overrun":2,"fontCompression":3,"fontReduction":4,"abbreviation":5},"thinningDistanceUnit":"Point","truncationMarkerCharacter":".","truncationMinimumLength":1,"truncationPreferredCharacters":"aeiou","polygonAnchorPointPerimeterInsetUnit":"Point"},"name":"Class 1","priority":-1,"standardLabelPlacementProperties":{"type":"CIMStandardLabelPlacementProperties","featureType":"Line","featureWeight":"Low","labelWeight":"High","numLabelsOption":"OneLabelPerName","lineLabelPosition":{"type":"CIMStandardLineLabelPosition","above":true,"inLine":true,"parallel":true},"lineLabelPriorities":{"type":"CIMStandardLineLabelPriorities","aboveStart":3,"aboveAlong":3,"aboveEnd":3,"centerStart":3,"centerAlong":3,"centerEnd":3,"belowStart":3,"belowAlong":3,"belowEnd":3},"pointPlacementMethod":"AroundPoint","pointPlacementPriorities":{"type":"CIMStandardPointPlacementPriorities","aboveLeft":2,"aboveCenter":2,"aboveRight":1,"centerLeft":3,"centerRight":2,"belowLeft":3,"belowCenter":3,"belowRight":2},"rotationType":"Arithmetic","polygonPlacementMethod":"AlwaysHorizontal"},"textSymbol":{"type":"CIMSymbolReference","symbol":{"type":"CIMTextSymbol","blockProgression":"TTB","depth3D":1,"extrapolateBaselines":true,"fontEffects":"Normal","fontEncoding":"Unicode","fontFamilyName":"Tahoma","fontStyleName":"Regular","fontType":"Unspecified","haloSize":1,"height":10,"hinting":"Default","horizontalAlignment":"Left","kerning":true,"letterWidth":100,"ligatures":true,"lineGapType":"ExtraLeading","symbol":{"type":"CIMPolygonSymbol","symbolLayers":[{"type":"CIMSolidFill","enable":true,"color":{"type":"CIMRGBColor","values":[0,0,0,100]}}]},"textCase":"Normal","textDirection":"LTR","verticalAlignment":"Bottom","verticalGlyphOrientation":"Right","wordSpacing":100,"billboardMode3D":"FaceNearPlane"}},"useCodedValue":true,"visibility":true,"iD":-1}],"renderer":{"type":"CIMSimpleRenderer","patch":"Default","symbol":{"type":"CIMSymbolReference","symbol":{"type":"CIMPolygonSymbol","symbolLayers":[{"type":"CIMSolidStroke","enable":true,"colorLocked":true,"capStyle":"Butt","joinStyle":"Round","lineStyle3D":"Strip","miterLimit":10,"width":1,"color":{"type":"CIMRGBColor","values":[110,110,110,100]}},{"type":"CIMSolidFill","enable":true,"color":{"type":"CIMRGBColor","values":[0,100,255,36.8627433776855469]}}]}}},"scaleSymbols":true,"snappable":true}]}</LayerFile></DataProperties>
		<SyncDate>20230428</SyncDate>
		<SyncTime>12242300</SyncTime>
		<ModDate>20230428</ModDate>
		<ModTime>12242300</ModTime>
	</Esri>
	<dataIdInfo>
		<envirDesc Sync="FALSE">Esri ArcGIS 12.4.0.19948</envirDesc>
		<dataLang>
			<languageCode Sync="TRUE" value="eng"/>
			<countryCode Sync="TRUE" value="USA"/>
		</dataLang>
		<idCitation>
			<resTitle Sync="TRUE">StationAreas</resTitle>
			<presForm>
				<PresFormCd Sync="TRUE" value="005"/>
			</presForm>
		</idCitation>
		<spatRpType>
			<SpatRepTypCd Sync="TRUE" value="001"/>
		</spatRpType>
	</dataIdInfo>
	<mdLang>
		<languageCode Sync="TRUE" value="eng"/>
		<countryCode Sync="TRUE" value="USA"/>
	</mdLang>
	<distInfo>
		<distFormat>
			<formatName Sync="TRUE">Shapefile</formatName>
		</distFormat>
		<distTranOps><transSize Sync="TRUE">0.000</transSize></distTranOps></distInfo>
	<mdHrLv>
		<ScopeCd Sync="TRUE" value="005"/>
	</mdHrLv>
	<mdHrLvName Sync="TRUE">dataset</mdHrLvName>
	<refSysInfo>
		<RefSystem>
			<refSysID>
				<identCode Sync="TRUE" code="26912"/>
				<idCodeSpace Sync="TRUE">EPSG</idCodeSpace>
				<idVersion Sync="TRUE">6.11(3.0.1)</idVersion>
			</refSysID>
		</RefSystem>
	</refSysInfo>
	<spatRepInfo>
		<VectSpatRep><geometObjs Name="StationAreas"><geoObjTyp><GeoObjTypCd value="002" Sync="TRUE"></GeoObjTypCd></geoObjTyp><geoObjCnt Sync="TRUE">0</geoObjCnt></geometObjs><topLvl><TopoLevCd value="001" Sync="TRUE"></TopoLevCd></topLvl></VectSpatRep></spatRepInfo>
	<spdoinfo>
		<ptvctinf><esriterm Name="StationAreas"><efeatyp Sync="TRUE">Simple</efeatyp><efeageom code="4" Sync="TRUE"></efeageom><esritopo Sync="TRUE">FALSE</esritopo><efeacnt Sync="TRUE">0</efeacnt><spindex Sync="TRUE">FALSE</spindex><linrefer Sync="TRUE">FALSE</linrefer></esriterm></ptvctinf></spdoinfo>
	<eainfo>
		<detailed Name="StationAreas">
			<enttyp>
				<enttypl Sync="TRUE">StationAreas</enttypl>
				<enttypt Sync="TRUE">Feature Class</enttypt>
				<enttypc Sync="TRUE">0</enttypc>
			</enttyp>
			<attr><attrlabl Sync="TRUE">FID</attrlabl><attalias Sync="TRUE">FID</attalias><attrtype Sync="TRUE">OID</attrtype><attwidth Sync="TRUE">4</attwidth><atprecis Sync="TRUE">0</atprecis><attscale Sync="TRUE">0</attscale><attrdef Sync="TRUE">Internal feature number.</attrdef><attrdefs Sync="TRUE">Esri</attrdefs><attrdomv><udom Sync="TRUE">Sequential unique whole numbers that are automatically generated.</udom></attrdomv></attr><attr>
				<attrlabl Sync="TRUE">SHAPE</attrlabl>
				<attalias Sync="TRUE">Shape</attalias>
				<attrtype Sync="TRUE">Geometry</attrtype>
				<attwidth Sync="TRUE">0</attwidth>
				<atprecis Sync="TRUE">0</atprecis>
				<attscale Sync="TRUE">0</attscale>
				<attrdef Sync="TRUE">Feature geometry.</attrdef>
				<attrdefs Sync="TRUE">Esri</attrdefs>
				<attrdomv>
					<udom Sync="TRUE">Coordinates defining the features.</udom>
				</attrdomv>
			</attr>
			<attr><attrlabl Sync="TRUE">Shape_Leng</attrlabl><attalias Sync="TRUE">Shape_Leng</attalias><attrtype Sync="TRUE">Double</attrtype><attwidth Sync="TRUE">19</attwidth><atprecis Sync="TRUE">0</atprecis><attscale Sync="TRUE">0</attscale></attr><attr><attrlabl Sync="TRUE">Shape_Area</attrlabl><attalias Sync="TRUE">Shape_Area</attalias><attrtype Sync="TRUE">Double</attrtype><attwidth Sync="TRUE">19</attwidth><atprecis Sync="TRUE">0</atprecis><attscale Sync="TRUE">0</attscale><attrdef Sync="TRUE">Area of feature in internal units squared.</attrdef><attrdefs Sync="TRUE">Esri</attrdefs><attrdomv><udom Sync="TRUE">Positive real numbers that are automatically generated.</udom></attrdomv></attr><attr><attrlabl Sync="TRUE">StopName</attrlabl><attalias Sync="TRUE">StopName</attalias><attrtype Sync="TRUE">String</attrtype><attwidth Sync="TRUE">254</attwidth><atprecis Sync="TRUE">0</atprecis><attscale Sync="TRUE">0</attscale></attr><attr><attrlabl Sync="TRUE">AreaName</attrlabl><attalias Sync="TRUE">AreaName</attalias><attrtype Sync="TRUE">String</attrtype><attwidth Sync="TRUE">60</attwidth><atprecis Sync="TRUE">0</atprecis><attscale Sync="TRUE">0</attscale></attr><attr><attrlabl Sync="TRUE">AreaType</attrlabl><attalias Sync="TRUE">AreaType</attalias><attrtype Sync="TRUE">String</attrtype><attwidth Sync="TRUE">25</attwidth><atprecis Sync="TRUE">0</atprecis><attscale Sync="TRUE">0</attscale></attr><attr><attrlabl Sync="TRUE">Area</attrlabl><attalias Sync="TRUE">Area</attalias><attrtype Sync="TRUE">String</attrtype><attwidth Sync="TRUE">50</attwidth><atprecis Sync="TRUE">0</atprecis><attscale Sync="TRUE">0</attscale></attr></detailed>
	</eainfo>
	<mdDateSt Sync="TRUE">20230428</mdDateSt>
</metadata>
